tree
version=v4
num_class=1
num_tree_per_iteration=1
label_index=0
max_feature_idx=7
objective=binary sigmoid:1
feature_names=X1_zscore X2_zscore Z_final time_val yesterday_range vol_burst z_final_slope x1_slope
feature_infos=[-19.279918670654297:29.832714080810547] [-51.874649047851562:10.911065101623535] [-47.794818878173828:-1.5000025033950806] [9.5833330154418945:14.166666984558105] [0.054178226739168167:0.31902852654457092] [0:219.97560119628906] [-35.661643981933594:42.589241027832031] [-22.507347106933594:31.422998428344727]
tree_sizes=3347 3423 3433 3441 3418 3439 3433 3429 3427 3430 3452 3447 3438 3435 3449 3428 3461 3450 3409 3452 3454 3439 3444 3452 3447 3452 3444 3437 3466 3467 3441 3464 3458 3453 3468 3468 3461

Tree=0
num_leaves=31
num_cat=0
split_feature=0 3 3 7 7 3 3 0 0 3 0 1 3 3 6 6 3 3 7 6 3 3 3 3 2 6 2 1 7 0
split_gain=1588.54 1030.16 677.549 451.996 368.009 310.209 500.348 389.591 303.661 239.184 165.613 141.048 116.217 125.73 124.517 113.835 109.344 105.972 105.461 104.82 170.938 102.303 101.925 127.998 98.2301 93.4353 89.2673 77.5115 75.2719 72.5908
threshold=2.2570328712463383 12.250000000000002 13.958333492279055 1.2789546251296999 1.2145335078239443 10.125000000000002 10.041666507720949 4.2886064052581796 1.3921393156051638 13.041666507720949 3.4744013547897343 -1.1405836343765257 10.708333492279055 11.041666507720949 0.74094271659851085 -1.0834687948226926 13.791666507720949 13.208333492279055 1.7952762246131899 1.4132870435714724 9.791666507720949 13.125000000000002 10.541666507720949 10.375000000000002 -2.2265903949737544 1.1842128038406374 -2.964718103408813 -2.4551854133605953 -2.0207327604293819 2.5153763294219975
decision_type=2 2 2 2 2 2 2 2 2 2 2 2 2 2 2 2 2 2 2 2 2 2 2 2 2 2 2 2 2 2
left_child=1 4 5 16 8 6 -2 9 12 29 -8 -4 19 14 24 -11 17 -3 -13 20 26 -5 23 -9 -14 -10 -1 -22 -15 -7
right_child=2 3 11 21 -6 7 10 22 25 15 -12 18 13 28 -16 -17 -18 -19 -20 -21 27 -23 -24 -25 -26 -27 -28 -29 -30 -31
leaf_value=-1.3531545674166106 -1.35864525592825 -1.342433119097812 -1.3368635290097788 -1.344326829559271 -1.3602712469317839 -1.3551414180544183 -1.3498554004257257 -1.362475953068615 -1.3523016711090154 -1.3593391791365625 -1.3310931073805141 -1.344791912234137 -1.3565210676228581 -1.3362413400092885 -1.3601416839130951 -1.3495882180305998 -1.3419151450900704 -1.346724167909068 -1.3639469670739539 -1.3527727163572578 -1.3457969242858498 -1.3551610703362684 -1.3618339410716052 -1.3757114748471133 -1.3496945808826286 -1.3585349905695177 -1.3426975027699406 -1.3493477014521265 -1.349350775644665 -1.3600798788166946
leaf_weight=96.885695576667786 282.45047917962074 930.55761162936687 194.46250829100609 108.79860329627991 369.06325930356979 414.25968779623508 79.004170313477516 135.26878573000431 2679.6745436936617 157.32220815122128 128.62732814252377 103.69238770008087 312.46378609538078 46.926217049360275 219.88551288843155 556.05600610375404 1772.5814311206341 1709.5504705458879 41.0309789031744 499.14600247144699 786.27345579862595 492.10734263062477 401.23267041146755 157.42988424003124 711.03753282129765 272.31973515450954 786.21150863170624 3607.4063355475664 1574.643994435668 1131.7260531932116
leaf_count=397 1275 3077 561 374 1711 1762 304 649 10835 718 315 360 1361 132 1017 2135 5794 6201 201 2035 2797 2094 1907 912 2736 1227 2615 13792 6020 5232
internal_value=-1.35011 -1.3488 -1.35598 -1.34499 -1.3504 -1.35731 -1.34993 -1.35854 -1.35009 -1.35653 -1.33815 -1.34248 -1.34914 -1.35081 -1.35324 -1.35172 -1.34388 -1.34521 -1.35015 -1.34831 -1.34789 -1.35317 -1.36511 -1.36958 -1.35177 -1.35287 -1.34383 -1.34871 -1.34896 -1.35875
internal_weight=20758.1 16975.5 3782.56 5013.6 11961.9 3443.38 490.082 2953.3 11592.9 2259.36 207.631 339.186 8640.88 2864.96 1243.39 713.378 4412.69 2640.11 144.723 5775.92 5276.78 600.906 693.931 292.699 1023.5 2951.99 883.097 4393.68 1621.57 1545.99
internal_count=80546 64215 16331 17540 46675 15209 1894 13315 44964 9847 619 1122 32902 11266 5114 2853 15072 9278 561 21636 19601 2468 3468 1561 4097 12062 3012 16589 6152 6994
is_linear=0
shrinkage=1


Tree=1
num_leaves=31
num_cat=0
split_feature=4 0 3 3 0 3 3 4 0 0 7 3 3 3 3 3 4 0 7 3 3 3 2 4 3 7 0 7 1 4
split_gain=1841.28 1292.98 646.074 632.916 459.959 450.631 407.098 406.165 387.335 307.763 273.139 239.91 232.32 180.561 165.501 165.163 183.939 164.616 151.146 139.77 218.725 123.779 114.019 102.928 101.837 101.533 101.329 99.4279 99.314 92.6609
threshold=0.088655754923820509 2.2805308103561406 13.958333492279055 12.250000000000002 1.3698213100433352 10.125000000000002 10.041666507720949 0.12133610993623735 3.4063102006912236 1.1668657064437868 1.2789546251296999 10.625000000000002 9.791666507720949 13.708333492279055 12.250000000000002 10.625000000000002 0.071762368083000197 -1.2204142808914182 -0.66018259525299061 12.250000000000002 9.791666507720949 14.041666507720949 -2.071097612380981 0.11093043908476831 10.375000000000002 1.3910407423973086 3.6285368204116826 -1.4711691737174986 -0.63670307397842396 0.073381736874580397
decision_type=2 2 2 2 2 2 2 2 2 2 2 2 2 2 2 2 2 2 2 2 2 2 2 2 2 2 2 2 2 2
left_child=1 3 5 9 7 6 -3 19 14 25 17 24 18 -14 -7 16 -11 -5 -9 20 27 29 -17 -6 -10 -1 -8 -2 -4 -19
right_child=4 2 28 10 23 8 26 12 11 15 -12 -13 13 -15 -16 22 -18 21 -20 -21 -22 -23 -24 -25 -26 -27 -28 -29 -30 -31
leaf_value=0.021443054845133966 0.01316179175151006 0.011764679345810493 0.031906684005196854 0.017439534439880486 0.011683713501824816 0.011178236900070191 0.022696232490427501 0.011151315566735024 0.0062993959202946037 0.021692758274633059 0.016915743391287267 0.010273423275878093 0.0073708896831694258 0.018262586182565731 0.018739656794662697 0.012496584504295565 0.014661484914108288 0.026499101666849031 0.029871083737387682 0.02161999538076053 0.014730520713219369 0.030751403789838393 0.018002699107796512 0.0073506894307924821 -0.0038556349806014379 0.007482702228500825 0.039263562413163353 0.027023278726233339 0.015952817521205219 0.021953454804967937
leaf_weight=5080.1284398585558 69.737429469823837 173.9391030818224 206.02592158317566 232.32236833870411 1225.2865332067013 798.69316698610783 61.881653755903244 80.624752044677734 155.81155262887478 1201.9101796746254 405.78763973712921 467.45014455914497 936.34959004819393 182.83878217637539 463.62145900726318 861.22611734271049 554.71667467057705 1879.4512750208378 97.57633475959301 696.43005105853081 1533.9657374173403 541.37956476211548 694.48122751712799 1016.7344670146704 267.5952939838171 54.440881952643394 112.32026818394661 242.4410929530859 51.855984270572662 637.35275359451771
leaf_count=18170 292 753 567 895 5293 3495 214 349 740 4286 1593 2078 4330 693 1755 3667 2269 5976 284 2470 6256 1544 2669 4722 1482 253 243 760 206 2242
internal_value=0.0179737 0.0198672 0.013678 0.0212724 0.0133322 0.0121161 0.0226817 0.0154366 0.0104006 0.0197557 0.024734 0.00533842 0.0108661 0.00916206 0.0139657 0.0173625 0.01948 0.025694 0.0214844 0.0177642 0.0163015 0.0263164 0.0149628 0.00972304 -0.000103818 0.0212968 0.0334888 0.0239688 0.028755 0.0253545
internal_weight=20984.4 14902.4 2759.19 12143.2 6081.98 2501.31 348.141 3839.96 2153.17 8446.9 3696.29 890.857 1297.39 1119.19 1262.31 3312.33 1756.63 3290.51 178.201 2542.57 1846.14 3058.18 1555.71 2242.02 423.407 5134.57 174.202 312.179 257.882 2516.8
internal_count=80546 55097 11533 43564 25449 10760 1210 15434 9550 31314 12250 4300 5656 5023 5250 12891 6555 10657 633 9778 7308 9762 6336 10015 2222 18423 457 1052 773 8218
is_linear=0
shrinkage=0.01


Tree=2
num_leaves=31
num_cat=0
split_feature=4 3 5 7 4 1 5 3 3 3 5 7 7 3 3 5 5 3 3 3 7 6 3 5 3 5 4 5 7 4
split_gain=1751.02 954.539 568.697 467.054 440.133 414.667 293.902 444.057 291.755 269.923 222.099 220.94 217.169 251.015 283.152 255.292 189.075 187.943 174.514 135.236 160.207 134.251 158.295 121.78 118.51 98.7629 96.0574 87.156 74.3016 73.5227
threshold=0.088655754923820509 12.250000000000002 1.7710260152816775 1.1792610287666323 0.12133610993623735 -3.6064327955245967 2.2288695573806767 10.541666507720949 9.791666507720949 13.958333492279055 1.6297368407249453 1.520594120025635 1.7313879728317263 12.250000000000002 9.791666507720949 1.6152067780494692 0.66675010323524486 10.291666507720949 13.791666507720949 13.208333492279055 1.2463492155075075 0.76114287972450267 11.041666507720949 1.2611274123191836 10.791666507720949 3.2844301462173466 0.058378193527460105 0.67428016662597667 0.86798524856567394 0.067764107137918486
decision_type=2 2 2 2 2 2 2 2 2 2 2 2 2 2 2 2 2 2 2 2 2 2 2 2 2 2 2 2 2 2
left_child=1 3 9 5 12 17 7 16 10 19 -6 -4 13 14 15 -2 -7 25 23 27 -21 29 24 -10 -23 -1 -18 -3 -25 -9
right_child=4 2 11 -5 8 6 -8 21 18 -11 -12 -13 -14 -15 -16 -17 26 -19 -20 20 -22 22 -24 28 -26 -27 -28 -29 -30 -31
leaf_value=0.021943927852111571 0.029509685993868044 0.03119969782545727 0.019676992392543804 0.0086552181485330514 0.029084975647640558 0.025819058288463394 0.014958006434537112 0.019341243165962016 0.0032592287805414694 0.030108818168867839 0.009259818488519098 0.0095857750022666378 0.0055311117752186844 0.019786281096214015 0.012713876479217234 0.013268529804689828 0.024499322099749331 0.0095163367407165612 0.015778460451460027 0.023182215530680055 0.013704368277952867 0.013566401550706491 0.021371190094350033 0.010346896187220877 0.0019854016550107162 0.01064086349250856 0.019753000529781656 0.024128474910170349 0.0031361102586036325 0.016045584435227293
leaf_weight=247.18824775516987 208.19088694453239 330.01271826028824 967.89905686676502 539.38071835041046 122.81323128938675 1072.0274234265089 1524.8217220306396 1836.4986483305693 625.95432324707508 882.75378781557083 107.29379551112652 284.43195106089115 231.36325363814831 1035.2544753402472 2429.7471431493759 186.11764369904995 566.48897376656532 738.74384039640427 245.62883640825748 1587.7943945229053 206.99609246850014 224.62425190210342 145.08453230559826 757.84355607628822 147.60054771602154 117.77338309586048 2072.1567506343126 430.95103557407856 179.38961939513683 1153.0629976540804
leaf_count=856 595 902 3494 2439 355 3398 6107 6742 3071 2468 476 1257 1097 3746 10172 767 1852 3296 964 5311 850 926 508 3321 737 510 7517 1409 885 4518
internal_value=0.0176072 0.0194405 0.0231909 0.0177451 0.0130959 0.0182421 0.018973 0.0198194 0.00928971 0.0252979 0.0199027 0.0173938 0.0149905 0.0155555 0.0139995 0.0218829 0.0222392 0.0124421 0.0079317 0.0236287 0.022096 0.0172548 0.0124939 0.00669086 0.00899636 0.0183297 0.0207783 0.0272201 0.00897447 0.0180747
internal_weight=21205.9 15076.3 4690.84 10385.5 6129.6 9846.07 8742.37 7217.54 2038.92 3438.51 230.107 1252.33 4090.67 3859.31 2824.06 394.309 3710.67 1103.71 1808.82 2555.75 1794.79 3506.87 517.309 1563.19 372.225 364.962 2638.65 760.964 937.233 2989.56
internal_count=80546 55097 15691 39406 25449 36967 32305 26198 9072 10940 831 4751 16377 15280 11534 1362 12767 4662 8241 8472 6161 13431 2171 7277 1663 1366 9369 2311 4206 11260
is_linear=0
shrinkage=0.01


Tree=3
num_leaves=31
num_cat=0
split_feature=4 0 0 5 4 2 5 4 0 6 4 6 5 0 0 5 0 5 2 0 5 4 5 5 4 6 6 4 4 1
split_gain=1666.96 1191.13 433.43 402.771 372.515 265.66 308.698 246.736 110.232 98.5159 95.6855 91.5549 90.6912 87.2326 83.6084 75.6036 71.2626 55.818 54.6806 74.2361 53.2275 59.3179 50.4968 48.2501 46.3383 46.2194 56.3574 45.4704 48.1616 43.1628
threshold=0.088655754923820509 2.2805308103561406 1.3698213100433352 2.3826892375946049 0.12133610993623735 -5.0185384750366202 1.706875264644623 0.067764107137918486 1.5397355556488039 -3.7243680953979488 0.11093043908476831 1.8215551972389223 0.57387807965278637 3.0526472330093388 0.44526922702789312 1.5573047399520876 0.87319386005401622 0.70286896824836742 -2.2180187702178951 0.82858192920684826 3.1851475238800053 0.072869434952735915 0.9849563241004945 2.3316904306411748 0.091432992368936553 1.2232781052589419 -1.2011220455169676 0.078051749616861357 0.063953455537557616 -1.1872947812080381
decision_type=2 2 2 2 2 2 2 2 2 2 2 2 2 2 2 2 2 2 2 2 2 2 2 2 2 2 2 2 2 2
left_child=1 3 4 7 16 9 -7 11 25 -3 13 15 -6 23 -13 -1 22 -11 19 -9 21 -8 -2 29 -18 26 -5 28 -10 -4
right_child=2 5 10 8 12 6 20 18 27 17 -12 14 -14 -15 -16 -17 24 -19 -20 -21 -22 -23 -24 -25 -26 -27 -28 -29 -30 -31
leaf_value=0.023081413185828063 0.015874523697199595 -0.0052217696699831751 0.011966215429156921 0.013974747590178057 0.0038044657118448092 0.018781936498620182 0.015138024697509687 0.020964566230139901 0.0090193716253932008 0.0039855339740878784 0.0071038851736582066 0.0244194477796181 0.011569929778649894 0.0063097760125414553 0.010037871780279128 0.019956404646595913 0.0081462364180916874 0.010623813630158888 0.020152467884043804 0.016251217837932267 0.0078692091285232548 0.0076733801565152127 0.019556022522036656 0.0093834811504786182 0.015528410838891137 0.013157555683774119 0.019422055145664099 0.0054823460496881641 0.016630801251707884 0.017316125925802509
leaf_weight=5170.8349685519934 614.45290391147137 49.103651091456413 372.9809877127409 257.51312097907066 176.36477091908455 1072.1420178860426 361.43023599684238 508.32778199017048 153.48383456468582 162.88407948613167 1027.1251020729542 64.102279886603355 1136.6507586240768 281.673682898283 117.23238427937031 978.86122927069664 101.4322172999382 629.60820871591568 2627.7526627779007 1112.8299211114645 375.10603374242783 158.05301995575428 1130.4950526207685 311.69115579128265 746.05754923820496 227.62949860095978 923.19865457713604 97.0052250623703 199.33054837584496 277.39804059267044
leaf_count=16999 2370 275 1564 1032 850 3909 1429 1755 672 789 4722 204 4806 1309 506 3459 450 2721 9231 4260 1697 713 4056 1371 2902 925 3308 452 761 1049
internal_value=0.0172539 0.0190304 0.0128665 0.0203597 0.0148895 0.0131385 0.0151546 0.0211165 0.0160434 0.00841508 0.00938258 0.022377 0.0105325 0.0112568 0.0152025 0.0225865 0.0170918 0.0092691 0.0192347 0.0177382 0.0107936 0.0128861 0.0182674 0.0126959 0.0146561 0.0174309 0.0182446 0.0116733 0.0133512 0.0142673
internal_weight=21422.8 15246.4 6176.32 12438.1 3905.45 2808.33 1966.73 10579.9 1858.16 841.596 2270.87 6331.03 1313.02 1243.74 181.335 6149.7 2592.44 792.492 4248.91 1621.16 894.589 519.483 1744.95 962.07 847.49 1408.34 1180.71 449.82 352.814 650.379
internal_count=80546 55097 25449 43564 15434 11533 7748 36414 7150 3785 10015 21168 5656 5293 710 20458 9778 3510 15246 6015 3839 2142 6426 3984 3352 5265 4340 1885 1433 2613
is_linear=0
shrinkage=0.01


Tree=4
num_leaves=31
num_cat=0
split_feature=0 3 3 0 3 5 0 5 3 5 3 6 3 5 3 3 5 3 5 5 6 3 5 3 3 3 2 6 3 6
split_gain=1342.93 865.623 587.863 300.099 278.926 551.838 351.553 217.427 209.174 204.359 202.174 125.709 122.211 183.402 165.636 155.16 114.153 167.916 110.065 109.357 108.8 99.6343 96.7041 96.6447 96.2404 121.442 88.1689 83.3105 71.8476 68.6571
threshold=2.2570328712463383 12.250000000000002 13.958333492279055 1.3921393156051638 10.125000000000002 2.1353733539581303 4.2886064052581796 0.8111824393272401 13.041666507720949 2.1353733539581303 10.041666507720949 -0.70220947265624989 10.791666507720949 2.1122152805328374 9.791666507720949 11.041666507720949 1.3808084130287173 10.625000000000002 0.4066296666860581 1.706875264644623 0.72150555253028881 13.791666507720949 1.4282870292663576 13.458333492279055 10.541666507720949 10.375000000000002 -3.1700136661529537 -0.93151107430458058 13.291666507720949 1.017674505710602
decision_type=2 2 2 2 2 2 2 2 2 2 2 2 2 2 2 2 2 2 2 2 2 2 2 2 2 2 2 2 2 2
left_child=1 3 4 12 5 10 8 28 -6 -4 -2 -9 13 14 22 20 17 -5 -16 23 26 -13 29 -10 25 -8 -14 -17 -3 -1
right_child=2 7 9 16 6 -7 24 11 19 -11 -12 21 15 -15 18 27 -18 -19 -20 -21 -22 -23 -24 -25 -26 -27 -28 -29 -30 -31
leaf_value=0.026588351747405203 0.015422119725831915 0.027224817268872603 0.028288302056667557 0.019470535489335323 0.0090150647793909387 0.0076717541093782107 0.0055009289558255649 0.017215855494944334 0.023007961615149855 0.01078012027064364 0.035408759815670841 0.01955017340803121 0.0029614535151779942 0.014989180679700592 0.0226944141951557 0.011914684362113244 0.012057609118525242 0.01306187311483085 0.017767503534347705 0.0105668351658971 0.0050069451479289829 0.023935524324894708 0.017358875351157332 0.013615764966360116 0.0061478362566761311 -0.0073004682188735253 0.015044304966053652 0.018402967096727479 0.022858895322389147 0.016193694397449238
leaf_weight=547.32453422248363 79.234943047165871 588.60612197220325 265.3704966455698 731.58226312696934 1587.4046614766121 277.65286311507225 138.19970643520355 1148.3575332760811 236.97754007577896 91.535600960254669 151.92081707715988 1323.6338111013174 67.321134999394417 1335.218326240778 533.74561281502247 237.27457670867443 1570.9676822274923 961.67483901977539 3770.5366661399603 286.77816925942898 163.97284270823002 914.31410792469978 216.09262990951538 217.2931565195322 409.57715781033039 158.27888369560242 725.25188699364662 1525.0841646939516 1295.8052257597446 78.24021215736866
leaf_count=1600 308 1689 738 2581 6994 1246 649 4229 772 384 340 4609 323 5179 1738 977 6491 3887 13753 1219 767 2857 788 862 1907 912 2801 5499 4156 291
internal_value=0.0169128 0.0180819 0.0115937 0.0166416 0.0103562 0.0172207 0.00920092 0.0214851 0.0110758 0.0238333 0.0286275 0.0199516 0.0175695 0.0183245 0.0191874 0.0157649 0.0140226 0.0158387 0.0183822 0.0154743 0.0124893 0.021349 0.0232862 0.0185463 0.00300741 -0.00131721 0.0140268 0.0175359 0.0242321 0.0253102
internal_weight=21635.2 17735 3900.22 12464.3 3543.32 508.809 3034.51 5270.72 2328.45 356.906 231.156 3386.31 9200.06 6481.16 5145.94 2718.9 3264.22 1693.26 4304.28 741.049 956.546 2237.95 841.657 454.271 706.056 296.479 792.573 1762.36 1884.41 625.565
internal_count=80546 64215 16331 46675 15209 1894 13315 17540 9847 1122 648 11695 33716 23349 18170 10367 12959 6468 15491 2853 3891 7466 2679 1634 3468 1561 3124 6476 5845 1891
is_linear=0
shrinkage=0.01


Tree=5
num_leaves=31
num_cat=0
split_feature=4 0 0 4 5 2 5 7 0 4 0 0 4 5 4 7 0 7 2 5 1 7 5 1 1 5 4 0 7 7
split_gain=1811.62 1030.38 594.987 483.841 350.173 197.3 196.741 192.476 166.081 155.517 111.304 110.8 93.5683 92.1194 77.1291 69.3102 68.83 68.0496 61.3235 57.2941 52.5073 49.3036 47.8072 45.523 77.8452 45.4319 41.0783 39.6675 38.6614 37.6178
threshold=0.081029381603002562 2.7203367948532109 1.7100844383239748 0.12133610993623735 1.3808084130287173 -5.8985493183135977 2.8145312070846562 1.5693740248680117 1.5046671628952029 0.067764107137918486 0.91834276914596569 4.4200358390808114 0.064114671200513854 0.56004327535629284 0.11093043908476831 0.06178328953683377 6.7908813953399667 -0.66018259525299061 -2.2180187702178951 1.9491605758666994 -2.9439132213592525 1.8650450706481936 1.516209661960602 -1.269416809082031 -2.7725377082824703 0.63168424367904674 0.088655754923820509 1.1764853596687319 0.5910623073577882 -0.41219946742057795
decision_type=2 2 2 2 2 2 2 2 2 2 2 2 2 2 2 2 2 2 2 2 2 2 2 2 2 2 2 2 2 2
left_child=1 4 3 10 9 16 22 8 12 27 15 14 28 -5 19 -2 25 -10 -11 20 -4 -16 23 24 -7 -3 -12 -1 29 -6
right_child=2 5 11 13 7 6 -8 -9 17 18 26 -13 -14 -15 21 -17 -18 -19 -20 -21 -22 -23 -24 -25 -26 -27 -28 -29 -30 -31
leaf_value=0.022887199045012768 0.018790033046749834 0.0012609486559484551 0.0064269700040529279 0.0031163051021688704 0.020186860935099606 0.013365835377882163 0.0073025688226347179 0.0094732710699019715 0.011231342143591642 0.016980695107668441 0.016647454983006668 0.0023198760911390028 0.017694959672595583 0.010633268525453288 0.007394315025556185 0.015223003087320835 -0.0012673687204826942 0.01654435605667633 0.020305823338305686 0.0083872532354861019 0.013989624608318358 -0.0014015054425769676 0.013182417451233443 0.014067218900251838 0.023330748633314094 0.0097905872312327395 0.01320779436050301 0.021052375462159365 0.01706573327109305 0.024079083220093774
leaf_weight=3113.4805108308792 1713.9192503839731 78.795009896159172 114.55479536950588 188.31713929772377 536.76102912425995 121.49782606959343 341.66096545755863 279.15813748538494 346.94158907234669 944.46272076666355 532.11432792246342 264.57536047697067 1402.7626302242279 1345.1288196444511 584.75920005142689 855.0812204927206 93.924787759780884 896.374924659729 1558.1015081703663 588.36701239645481 559.32332469522953 70.304185807704926 345.24344734847546 204.52011285722256 253.93098863959312 331.95227515697479 1188.9084417670965 2280.4672335237265 188.97021141648293 581.06935964524746
leaf_count=9799 6007 396 519 901 1820 484 1539 1194 1431 3438 1951 1300 5020 5646 2631 3224 492 3322 5230 2589 2188 365 1381 794 798 1441 4713 7547 683 1792
internal_value=0.0166724 0.0188561 0.0128793 0.0145496 0.0198975 0.0117195 0.0138297 0.0175623 0.018131 0.0211472 0.0162753 0.00841669 0.0195303 0.00971471 0.00925458 0.0176079 0.00640419 0.0150709 0.0190566 0.0107069 0.0127172 0.00644233 0.0162294 0.0180218 0.0201412 0.00817 0.0142787 0.0221144 0.0214891 0.0222244
internal_weight=21905.4 13900.1 8005.35 5823.47 12128.5 1771.53 1266.85 4232.04 3952.88 7896.51 4290.02 2181.88 2709.56 1533.45 1917.31 2569 504.672 1243.32 2502.56 1262.25 673.878 655.063 925.192 579.949 375.429 410.747 1721.02 5393.95 1306.8 1117.83
internal_count=80635 48601 32034 22442 41276 7325 4996 15262 14068 26014 15895 9592 9315 6547 8292 9231 2329 4753 8668 5296 2707 2996 3457 2076 1282 1837 6664 17346 4295 3612
is_linear=0
shrinkage=0.01


Tree=6
num_leaves=31
num_cat=0
split_feature=0 3 3 0 3 0 3 3 7 7 1 3 3 3 3 7 3 3 3 6 7 3 2 1 1 3 7 7 0 3
split_gain=1307.46 857.599 640.692 318.25 301.478 318.136 300.986 278.332 254.05 194.391 166.758 120.541 116.883 115.711 134.203 103.314 96.5919 96.0863 134.594 90.9205 86.7282 79.3352 83.9174 75.0755 64.7195 63.8228 63.4647 60.3493 57.9611 55.4391
threshold=2.2570328712463383 12.250000000000002 13.958333492279055 1.3921393156051638 10.208333492279055 3.0526472330093388 10.041666507720949 10.625000000000002 1.4304029345512392 1.2145335078239443 -0.75166231393814076 12.250000000000002 10.125000000000002 13.791666507720949 13.291666507720949 1.520594120025635 13.125000000000002 10.708333492279055 11.041666507720949 1.017674505710602 1.3910407423973086 10.625000000000002 -3.2777574062347408 -1.5901859402656553 -2.8008525371551509 10.375000000000002 -2.2861907482147212 -2.0207327604293819 3.4744013547897343 9.791666507720949
decision_type=2 2 2 2 2 2 2 2 2 2 2 2 2 2 2 2 2 2 2 2 2 2 2 2 2 2 2 2 2 2
left_child=1 3 4 9 6 11 -2 25 13 17 -4 -6 28 14 24 21 -10 26 19 23 -13 -5 -23 -19 -3 -7 -1 -20 -8 -28
right_child=2 8 10 15 5 7 12 -9 16 -11 -12 20 -14 -15 -16 -17 -18 18 27 -21 -22 22 -24 -25 -26 -27 29 -29 -30 -31
leaf_value=0.012958598815312625 0.0090734529471959754 0.015879106409103429 0.027725334172382071 0.015218309453601087 0.0097019847690295452 0.0044351863478641071 0.020460761005236732 0.0085806007870443349 0.023250193370672897 0.0066925634884004593 0.012013326470012091 0.018200791126562157 0.013530596126477739 0.023436811817315439 0.018273336010618257 0.0041381044277887897 0.012053721788258665 0.011763908839201198 0.028284718925207092 0.0061588192994118315 0.0089060516517446148 0.0071666357223006795 0.013200000623082551 0.017011046097038351 0.023413075138233843 -0.0026900303469870562 0.020357030449454312 0.017206904863122922 0.031280898265239804 0.017704575742321173
leaf_weight=257.26974011957645 309.74970796704292 136.21403114497662 273.1379556953907 1714.6513084769249 920.85587152838707 190.03522177040577 92.796121925115585 979.42784313857555 96.388959467411041 181.41989535093307 92.938594251871109 387.08838523924351 96.878599166870117 1977.8191230297089 1608.0613116174936 118.3662852793932 426.65628951787949 592.78698086738586 52.984279602766037 161.58087158203125 140.97007073462009 293.23208640515804 1195.481414526701 535.34290407598019 1179.9512480348349 368.57699081301689 1010.1853129416704 1708.88001473248 132.80971568822861 4878.2496321052313
leaf_count=1008 1341 493 734 6452 3924 895 309 4281 297 808 370 1358 387 5967 5543 553 1713 2376 141 725 602 1290 4695 1918 3572 1968 3310 6098 317 17190
internal_value=0.0163517 0.0174927 0.0111596 0.0160676 0.00987945 0.00854538 0.0161625 0.00536912 0.0208262 0.0170129 0.0237719 0.0119106 0.0229316 0.0215364 0.0202455 0.0133948 0.0141468 0.0172156 0.0157397 0.0132559 0.0157397 0.0137346 0.0120178 0.0142647 0.0226435 -0.00025535 0.0179462 0.0175508 0.0269076 0.0181622
internal_weight=22110.8 18125.5 3985.27 12700.4 3619.19 2986.95 632.234 1538.04 5425.09 9378.7 366.077 1448.91 322.484 4902.05 2924.23 3321.73 523.045 9197.28 3051.58 1289.71 528.058 3203.36 1488.71 1128.13 1316.17 558.612 6145.7 1761.86 225.606 5888.43
internal_count=80635 64149 16486 46564 15382 13028 2354 7144 17585 33574 1104 5884 1013 15575 9608 12990 2010 32766 11258 5019 1960 12437 5985 4294 4065 2863 21508 6239 626 20500
is_linear=0
shrinkage=0.01


Tree=7
num_leaves=31
num_cat=0
split_feature=4 3 4 1 5 3 5 3 5 7 3 7 3 5 3 3 3 7 5 3 6 5 3 5 4 3 7 1 5 3
split_gain=1713.91 821.41 500.83 390.987 370.837 302.335 450.477 296.273 225.831 223.305 268.097 216.732 203.697 222.504 192.059 168.861 168.253 148.786 141.636 135.637 125.643 114.146 113.264 151.054 104.497 91.0073 82.8322 82.7944 79.3539 78.6742
threshold=0.081029381603002562 12.250000000000002 0.12133610993623735 -4.0730125904083243 1.369482755661011 10.541666507720949 1.5573047399520876 9.791666507720949 1.6919304728507998 1.2145335078239443 12.250000000000002 0.81245127320289623 9.791666507720949 1.7381622791290285 13.875000000000002 10.375000000000002 13.208333492279055 1.4304029345512392 0.45575167238712316 10.541666507720949 0.17205051332712176 3.4597569704055791 12.250000000000002 0.56703704595565807 0.059437120333313949 11.041666507720949 1.4304029345512392 -1.7167694568634031 2.1798232793807988 12.250000000000002
decision_type=2 2 2 2 2 2 2 2 2 2 2 2 2 2 2 2 2 2 2 2 2 2 2 2 2 2 2 2 2 2
left_child=1 3 9 15 14 6 18 8 -4 10 12 -6 13 -2 16 -1 -3 20 -5 -17 -7 -8 23 -9 -20 27 -18 -22 -12 -11
right_child=2 4 7 5 11 17 21 22 -10 29 28 -13 -14 -15 -16 19 26 -19 24 -21 25 -23 -24 -25 -26 -27 -28 -29 -30 -31
leaf_value=0.015796397424583428 0.025176942640978323 0.026093167840914699 0.026993041430079651 0.02603608336900845 0.020670792086817488 0.016811671429588403 0.01618769872804679 -0.0047335872289955127 0.0077693121388343698 0.0035733337678633872 0.019587520103462177 0.013065296121748914 0.012293028941491056 0.011870131817124001 0.027588825317696963 -0.0023468634799211595 0.020503942157497262 0.0071218755758221041 0.023278362891166391 0.0093551342545286475 0.007803138831263207 0.01000051079035978 0.010426858003412491 0.0062985768702802552 0.018753591120512846 0.016603225718507281 0.010304319555811532 0.014231566480712476 0.013900410853596461 0.010987432506332849
leaf_weight=293.38396388292313 276.68595036864281 666.94255207479 137.33486999571323 519.58790129423141 1029.4573287218809 2783.1240452975035 1268.0121392905712 138.55877566337585 112.39620481431484 240.57325346767902 1078.7954206317663 603.01191377639771 3504.7067874521017 236.4949667006731 952.62964755296707 134.4205985814333 1132.6372104734182 221.0736435353756 777.46772511303425 367.68316413462162 418.77712070941925 400.77384826540947 584.65118561685085 1127.6651980280876 1664.5670337080956 452.48470771312714 89.523073941469193 398.51855456829071 335.3333488702774 364.46288371086121
leaf_count=1084 782 1813 374 1442 3283 9892 4575 741 488 1135 3547 2330 13832 937 2463 715 3601 980 2331 1573 1798 1655 2402 5059 5594 1605 364 1503 1255 1482
internal_value=0.0160417 0.018143 0.0123804 0.0165036 0.0216937 0.0171047 0.0188827 0.0081655 0.0183938 0.0138453 0.0144888 0.0178693 0.0131624 0.0190719 0.0238854 0.00976155 0.0220084 0.0151754 0.0212303 0.00621317 0.0156125 0.0147082 0.00677814 0.00508602 0.0202007 0.0129746 0.0197654 0.0109506 0.0182479 0.0080531
internal_weight=22311.7 14174.1 8137.66 9699.87 4474.2 8904.39 4630.41 2100.61 249.731 6037.05 5432.02 1632.47 4017.89 513.181 2841.73 795.488 1889.1 4273.98 2961.62 502.104 4052.9 1668.79 1850.88 1266.22 2442.03 1269.78 1222.16 817.296 1414.13 605.036
internal_count=80635 48601 32034 34747 13854 31375 15597 9064 862 22970 20353 5613 15551 1719 8241 3372 5778 15778 9367 2288 14798 6230 8202 5800 7925 4906 3965 3301 4802 2617
is_linear=0
shrinkage=0.01


Tree=8
num_leaves=31
num_cat=0
split_feature=4 0 3 0 3 3 4 0 3 3 5 5 3 5 5 4 7 3 5 5 5 0 3 3 3 5 3 5 0 3
split_gain=1638.15 917.411 578.558 542.243 472.773 559.003 443.47 305.611 299.875 272.02 260.27 257.899 237.412 196.278 170.762 168.404 144.541 124.594 181.281 134.328 118.418 117.425 115.922 105.762 115.126 140.539 104.002 113.335 85.1833 84.1803
threshold=0.081029381603002562 2.7203367948532109 12.250000000000002 1.7100844383239748 13.958333492279055 10.208333492279055 0.11451862379908563 1.5046671628952029 9.791666507720949 10.625000000000002 3.2844301462173466 1.7710260152816775 12.250000000000002 1.369482755661011 0.56004327535629284 0.059718759730458267 0.76004344224929821 10.708333492279055 1.2611274123191836 0.36309888958930975 1.4531712532043459 3.3410756587982182 14.125000000000002 12.250000000000002 9.791666507720949 1.5436081290245058 10.541666507720949 0.81903484463691723 4.4200358390808114 10.375000000000002
decision_type=2 2 2 2 2 2 2 2 2 2 2 2 2 2 2 2 2 2 2 2 2 2 2 2 2 2 2 2 2 2
left_child=1 2 7 6 5 10 23 15 11 21 -3 -8 14 -4 -10 26 -15 18 -9 -19 -6 -7 28 24 25 -2 27 -1 -5 -23
right_child=3 4 13 22 20 9 8 17 12 -11 -12 -13 -14 16 -16 -17 -18 19 -20 -21 -22 29 -24 -25 -26 -27 -28 -29 -30 -31
leaf_value=0.026584863923770918 0.025158692378338069 0.028029817845077014 0.023533940328533124 0.0082611637177766525 0.033703894043255522 0.010157971556068995 0.026658151516140493 0.020388053743507224 -0.0041667510803186907 0.010063762542168366 0.0066788501603504405 0.0061471129919315895 0.013623413179672786 0.021065616804435576 0.0071865416483032941 0.01727857869427827 0.013968502231999547 -0.0021438370375072031 0.012833196070314697 0.012478319938150311 0.016837591689602645 0.0045652366562544443 0.020374610314686063 0.01831463240617693 0.013805642646630652 0.013322472165407235 0.01827860161025054 0.020024456103104247 0.0021396704115665254 -0.0053107085860916786
leaf_weight=487.56959031522274 216.57226319611073 206.39936442673206 2609.5106626600027 1887.6860697418451 101.89135102927685 102.35176785290241 178.81255649030209 584.46144013106823 151.92122760415077 861.8754900097847 80.307896912097931 94.78740231692791 562.83050173521042 905.73425967991352 993.90908728539944 4193.5704633444548 435.09032855927944 66.496099904179573 719.58078829944134 953.06440114974976 76.037093281745911 131.20626686513424 72.73015159368515 1113.3367248773575 2463.6626693159342 195.78240698575974 923.13495527207851 628.09286664426327 261.5077291727066 248.42444132268429
leaf_count=1292 593 532 7415 8088 204 426 475 1882 802 3564 354 416 2127 2786 4324 14371 1617 331 2774 3705 262 606 235 3700 9267 738 3100 2003 1269 1377
internal_value=0.015742 0.0177842 0.0187477 0.0121726 0.0111148 0.00941524 0.0137433 0.0172805 0.00986585 0.00670046 0.0220888 0.0195946 0.00829983 0.0219216 0.00567573 0.018439 0.0187724 0.0141678 0.0162296 0.0115192 0.0265915 0.000671673 0.00794685 0.0156673 0.0146377 0.019574 0.0208186 0.0229066 0.00751931 -0.00188276
internal_weight=22508.3 14314.8 12506.3 8193.54 1808.49 1630.57 5971.61 8555.97 1982.26 1343.86 286.707 273.6 1708.66 3950.34 1145.83 6232.37 1340.82 2323.6 1304.04 1019.56 177.928 481.982 2221.92 3989.35 2876.02 412.355 2038.8 1115.66 2149.19 379.631
internal_count=80635 48601 41276 32034 7325 6859 22442 29458 8144 5973 886 891 7253 11818 5126 20766 4403 8692 4656 4036 466 2409 9592 14298 10598 1331 6395 3295 9357 1983
is_linear=0
shrinkage=0.01


Tree=9
num_leaves=31
num_cat=0
split_feature=3 2 7 7 5 3 5 3 5 2 5 3 3 5 3 3 5 1 6 7 2 7 5 1 1 1 2 3 6 2
split_gain=1047.02 620.277 590.426 524.396 315.81 280.948 222.773 344.972 228.389 222.392 153.715 124.869 159.364 118.993 104.721 82.6754 109.18 80.8359 76.5434 68.9079 71.8936 67.9808 67.8805 63.2591 62.5754 61.8854 61.5376 60.2826 55.7156 51.5358
threshold=12.250000000000002 -5.0185384750366202 2.217389822006226 1.1792610287666323 1.369482755661011 10.291666507720949 2.774352073669434 10.541666507720949 0.76675498485565197 -2.2180187702178951 2.3032757043838505 13.875000000000002 13.458333492279055 0.61020955443382274 13.791666507720949 9.791666507720949 1.3808084130287173 -3.6653110980987544 2.3881349563598637 -0.25664575397968287 -1.9972527027130125 0.77562335133552562 0.61020955443382274 -2.9439132213592525 -0.47949382662773127 -0.82152920961379994 -2.5783540010452266 10.625000000000002 -1.4790443181991575 -2.7433058023452754
decision_type=2 2 2 2 2 2 2 2 2 2 2 2 2 2 2 2 2 2 2 2 2 2 2 2 2 2 2 2 2 2
left_child=1 5 4 6 11 10 7 8 19 22 17 12 13 -2 21 16 -10 -1 -7 -3 -21 29 27 -24 -16 -14 -13 -9 -5 -6
right_child=2 3 -4 28 14 18 -8 9 15 -11 -12 26 25 -15 24 -17 -18 -19 -20 20 -22 -23 23 -25 -26 -27 -28 -29 -30 -31
leaf_value=0.016356680635151243 0.025347986269501192 0.022305842325618608 0.0073652284484069146 0.0030469605397462521 0.012193515178600414 0.0030922981597263123 0.011901248150599762 0.016944601139662844 0.022496739091104022 0.015395388686404632 0.0088143378202874215 0.027449479709544568 0.017836939518795728 0.019662522195055557 0.019704104194707615 0.015244782060210238 0.015181830488591468 0.030958581535016527 0.011870243417688702 0.020890438850873275 0.015613415282952077 0.01173918163261344 0.016408285277248517 0.011287145916024846 0.0090977659802431426 0.010404412294918886 0.022377322560053356 0.0071100047977184153 0.0086958981339637729 0.017664353313796989
leaf_weight=171.22167186439037 640.17977070808411 835.29811459779739 434.81981195509434 302.29882426559925 236.80118827521801 771.83353263139725 1908.408742159605 71.772757902741432 413.53792051970959 3232.7321691066027 306.40345890820026 354.7167566716671 947.09706918895245 947.90936358273029 1002.8795927166939 3541.8667411953211 429.15055933594704 51.234027817845345 114.38037666678429 564.75516748428345 519.44951111078262 474.39251613616943 311.84319517016411 1222.6807968467474 62.120045319199562 133.86551283299923 961.06909047067165 525.54732877016068 426.85082127153873 783.4229262471199
leaf_count=601 1704 2464 1862 1416 894 3674 7466 245 1193 11525 1289 873 3102 2964 3168 12647 1521 113 463 1734 1802 1840 1105 4809 255 520 2746 2226 1802 2612
internal_value=0.015452 0.0140186 0.0186788 0.0146438 0.0194291 0.00769123 0.0150879 0.0156081 0.0171994 0.0137357 0.0134607 0.021198 0.0199297 0.0219648 0.0166697 0.0159291 0.0187887 0.019804 0.00423693 0.0200936 0.0183752 0.0149325 0.0112135 0.0123361 0.0190947 0.0169264 0.0237584 0.00831326 0.00636445 0.016406
internal_weight=22700.5 15721.3 6979.27 14306.2 6544.45 1415.07 13577 11668.6 6304.06 5364.58 528.859 3984.84 2669.05 1588.09 2559.62 4384.56 842.688 222.456 886.214 1919.5 1084.2 1494.62 2131.84 1534.52 1065 1080.96 1315.79 597.32 729.15 1020.22
internal_count=80635 58095 22540 51955 20678 6140 48737 41271 21361 19910 2003 11909 8290 4668 8769 15361 2714 714 4137 6000 3536 5346 8385 5914 3423 3622 3619 2471 3218 3506
is_linear=0
shrinkage=0.01


Tree=10
num_leaves=31
num_cat=0
split_feature=4 3 2 3 7 4 7 3 2 3 7 3 4 3 3 7 7 3 6 1 7 3 6 1 4 7 2 1 7 4
split_gain=1452.07 735.376 572.981 373.283 354.545 299.034 281.218 236.102 278.169 230.17 220.29 219.122 133.494 131.956 115.37 129.026 96.6157 88.3485 86.2961 85.1131 82.8734 85.4233 76.6466 70.7083 68.3494 68.1629 77.2906 73.2054 60.1489 59.1706
threshold=0.093469284474849715 12.250000000000002 -6.2518820762634268 9.791666507720949 1.0417734384536745 0.12133610993623735 1.2789546251296999 10.541666507720949 -2.2265903949737544 13.958333492279055 -0.86331215500831593 10.291666507720949 0.059718759730458267 13.041666507720949 11.291666507720949 1.4304029345512392 0.76004344224929821 10.625000000000002 -0.3392354398965835 -0.68544393777847279 2.6480542421340947 13.125000000000002 -0.1797438710927963 -2.1467213630676265 0.080767352133989348 0.053856914862990386 -5.3442459106445304 -1.4777621030807493 -0.68563595414161671 0.068258695304393782
decision_type=2 2 2 2 2 2 2 2 2 2 2 2 2 2 2 2 2 2 2 2 2 2 2 2 2 2 2 2 2 2
left_child=1 2 11 10 7 14 9 12 22 -3 -2 -1 28 23 25 -16 -15 -13 -12 24 21 -8 29 -7 -10 26 -5 -28 -4 -9
right_child=3 6 4 5 -6 13 20 8 19 -11 18 17 -14 16 15 -17 -18 -19 -20 -21 -22 -23 -24 -25 -26 -27 27 -29 -30 -31
leaf_value=0.015440183398391939 0.010586161748606146 0.01919433005421858 0.016767300825232877 0.00067288007526201152 0.0087282323039772087 0.0078337864328985717 0.023355261395328092 0.015639301075348843 0.017637466265337173 0.024318163050724661 0.012068558056152867 -0.00067404600746297921 0.01657176301323594 0.013694162219509927 0.01532287172582672 0.0058090783822669304 0.0049973301068075623 0.0082242460050581494 0.025348050355853764 0.0094970499109537764 0.0086816251864496805 0.014276501792392482 0.0096864394169032392 0.0030154186947904463 0.013016415251168277 0.0073095712547141412 0.013817394437954751 0.0080239383351767505 0.021393814126757921 0.010661718087698658
leaf_weight=180.80520418286324 239.73588138818741 3377.736649826169 417.01976244151592 63.678247272968292 699.82836586236954 486.66941532492638 132.1981937289238 602.2988588064909 2256.4127216339111 1212.6117931008339 62.252282083034515 308.59058889746666 4259.5260760933161 362.28773710131645 1054.2744808495045 167.85965287685394 201.80963380634785 173.4331279695034 294.59652526676655 167.91808147728443 203.63546021282673 555.87761114537716 1022.837239086628 830.50260430574417 392.54291063547134 625.71934598684311 751.25221173465252 318.35213394463062 1063.1772394478321 420.95834593474865
leaf_count=644 937 10435 1394 307 2910 2089 375 2121 7462 3185 234 1586 14452 1338 3684 735 894 744 775 681 845 2011 4113 3854 1458 2651 2775 1319 3142 1662
internal_value=0.0151015 0.0165106 0.0151174 0.0105959 0.0156476 0.00967585 0.0195489 0.0161034 0.0144712 0.0205515 0.0180722 0.00606262 0.0174842 0.00654505 0.0116485 0.0140232 0.0105988 0.00252242 0.0230656 0.016516 0.0143739 0.0160437 0.0116502 0.0048018 0.0169572 0.00999219 0.0114651 0.0121023 0.0200999 0.0136027
internal_weight=22906.4 17447.4 11965.3 5458.99 11302.5 4862.41 5482.06 10602.7 4862.97 4590.35 596.585 662.829 5739.72 1881.27 2981.14 1222.13 564.097 482.024 356.849 2816.87 891.711 688.076 2046.09 1317.17 2648.96 1759 1133.28 1069.6 1480.2 1023.26
internal_count=80812 59220 42369 21592 39395 19646 16851 36485 17497 13620 1946 2974 18988 8175 11471 4419 2232 2330 1009 9601 3231 2386 7896 5943 8920 7052 4401 4094 4536 3783
is_linear=0
shrinkage=0.01


Tree=11
num_leaves=31
num_cat=0
split_feature=4 3 2 3 7 4 7 3 2 3 3 1 3 4 3 7 6 7 3 1 7 3 6 1 7 2 1 4 2 7
split_gain=1392.26 702.817 550.673 358.679 340.198 288.733 268.27 225.706 266.591 218.571 211.985 211.88 127.801 127.276 110.958 124.092 109.282 93.1808 86.1069 81.5121 79.5365 81.392 73.7005 68.8467 65.7587 74.7401 70.4044 65.289 57.2208 57.135
threshold=0.093469284474849715 12.250000000000002 -6.2518820762634268 9.791666507720949 1.0417734384536745 0.12133610993623735 1.2789546251296999 10.541666507720949 -2.2265903949737544 13.958333492279055 10.291666507720949 -2.3151285648345943 13.041666507720949 0.059718759730458267 11.291666507720949 1.4304029345512392 1.1097137928009035 0.76004344224929821 10.625000000000002 -0.68544393777847279 2.6480542421340947 13.125000000000002 -0.1797438710927963 -2.0058108568191524 0.053856914862990386 -5.3442459106445304 -1.4777621030807493 0.080767352133989348 -1.5824965238571165 -0.68563595414161671
decision_type=2 2 2 2 2 2 2 2 2 2 2 2 2 2 2 2 2 2 2 2 2 2 2 2 2 2 2 2 2 2
left_child=1 2 10 11 7 14 9 13 22 -3 -1 -2 23 29 24 -16 -13 -14 -12 27 21 -8 -9 -7 25 -5 -27 -10 -25 -4
right_child=3 6 4 5 -6 12 20 8 19 -11 18 16 17 -15 15 -17 -18 -19 -20 -21 -22 -23 -24 28 -26 26 -28 -29 -30 -31
leaf_value=0.015158794455382953 0.0084638267834804513 0.018813304407419188 0.016453122572508114 0.00066595317429823193 0.0085993012441429057 0.0074317535234460913 0.022840303650391948 0.013367782471504166 0.017297690848490855 0.02377811891995138 -0.00066757826476704688 0.023667183214232383 0.013456867991304146 0.016261549519324653 0.015045873154513912 0.0057326753344537837 0.0090528339090779671 0.0049338110201859733 0.0081046156554716187 0.0093534814344472233 0.008553902741469355 0.014025346596680907 0.0095388950786636333 0.0016777938483387115 0.0072074013239118639 0.013576715351170448 0.0079090161447424746 0.012796058627079181 0.0095853430355963588 0.020943821235695981
leaf_weight=182.32139064371586 177.39845484495163 3411.522106513381 420.72374185919762 63.702254429459572 703.20816583931446 553.93611422181129 133.82987330853939 1030.8017188757658 2277.6293213367462 1227.6850896477699 308.4699769616127 362.94832789897919 364.98453688621521 4297.19267141819 1062.9123262315989 168.39978037774563 61.908089742064476 202.36731128394604 174.23650681972504 168.79376371204853 204.61178909242153 560.16067431867123 1028.251791447401 660.37085728347301 628.23777228593826 756.90432050824165 319.74836127460003 395.30429156124592 106.40193544328213 1075.109915882349
leaf_count=644 722 10435 1394 307 2910 2379 375 3783 7462 3185 1586 978 1338 14452 3684 735 246 894 744 681 845 2011 4113 3126 2651 2775 1319 1458 438 3142
internal_value=0.014831 0.0162033 0.0148457 0.0104301 0.0153621 0.00952887 0.0191577 0.015806 0.0142155 0.0201307 0.00598211 0.0177227 0.0064563 0.0171493 0.0114596 0.0137791 0.0215625 0.0104326 0.00249357 0.0162072 0.0141209 0.0157477 0.0114609 0.00474106 0.00983851 0.0112798 0.0119026 0.0166363 0.00278714 0.01969
internal_weight=23090.1 17599.9 12062 5490.22 11397 4887.97 5537.81 10693.8 4900.78 4639.21 665.028 602.255 1888.06 5793.03 2999.9 1231.31 424.856 567.352 482.706 2841.73 898.602 693.991 2059.05 1320.71 1768.59 1140.35 1076.65 2672.93 766.773 1495.83
internal_count=80812 59220 42369 21592 39395 19646 16851 36485 17497 13620 2974 1946 8175 18988 11471 4419 1224 2232 2330 9601 3231 2386 7896 5943 7052 4401 4094 8920 3564 4536
is_linear=0
shrinkage=0.01


Tree=12
num_leaves=31
num_cat=0
split_feature=4 0 3 3 3 3 5 3 0 0 4 0 5 3 3 5 3 4 3 5 3 5 5 5 6 4 4 3 1 4
split_gain=1335.87 918.611 587.21 422.13 394.485 344.894 412.845 341.699 313.006 307.858 278.887 185.823 168.704 140.451 139.648 136.031 129.684 127.136 123.808 202.173 111.968 107.852 102.554 94.9606 91.8278 86.1229 80.5049 80.419 129.138 84.2243
threshold=0.093469284474849715 2.2570328712463383 13.958333492279055 12.250000000000002 10.125000000000002 9.791666507720949 1.7381622791290285 10.041666507720949 1.3921393156051638 4.2886064052581796 0.12133610993623735 2.1447169780731206 2.0079398155212407 11.291666507720949 10.708333492279055 1.3808084130287173 10.625000000000002 0.080767352133989348 13.041666507720949 0.56703704595565807 13.041666507720949 1.8931633830070498 1.7233196496963503 1.369482755661011 1.0480365157127383 0.059718759730458267 0.073381736874580397 11.041666507720949 -1.5834351181983946 0.067224357277154936
decision_type=2 2 2 2 2 2 2 2 2 2 2 2 2 2 2 2 2 2 2 2 2 2 2 2 2 2 2 2 2 2
left_child=1 3 4 8 7 6 -2 -3 14 20 11 13 26 -7 22 -4 -11 24 19 -12 -6 -9 25 -22 -10 -1 -5 28 -16 -29
right_child=5 2 15 12 9 10 -8 21 17 16 18 -13 -14 -15 27 -17 -18 -19 -20 -21 23 -23 -24 -25 -26 -27 -28 29 -30 -31
leaf_value=0.021371129349092782 0.024263590798080558 0.0096757874600619641 0.028999387638266545 0.021541741201760216 0.0083370303680162135 0.01044963926877935 0.007458226492186748 0.032496034035404395 0.014561822375548671 -0.0024573642787769604 -0.0067362060762265856 0.0059353398439460142 0.015718095975261036 0.015331063554733706 0.0097500658089019893 0.016014857408259107 0.0071261017825245765 0.0080340366797166714 0.01027040506293218 0.0060169691177454103 0.01679893002060159 0.01663070953268066 0.0155052214301497 0.0090222869318770781 0.0076079957537863365 0.017822877270549185 0.018094038918773172 0.018701061129207885 0.016623109729104541 0.013751753727644573
leaf_weight=1002.4929571896791 358.31085468828678 216.47624550759792 196.78479550778866 2524.7549361735582 1289.9966103732586 1472.0075274258852 249.47106657922268 145.21155029535294 2017.5423277765512 323.46020573377609 138.07454153895378 540.19927708804607 923.93904113769531 1006.118699669838 595.89558601379395 144.93233183026314 249.26086793839931 451.86235971748829 570.54802863299847 1186.1161138564348 370.73516412079334 65.566379815340042 1299.5136583894491 282.97818951308727 215.07592341303825 2467.1798128783703 991.81077001988888 830.77892945706844 519.85297587513924 622.8251965045929
leaf_count=2817 916 861 411 6915 5339 5709 1030 274 7038 1697 751 2350 3053 3412 2316 477 1070 1842 2232 5192 1204 215 4398 1123 882 7777 3024 2580 1709 2198
internal_value=0.0145688 0.0159059 0.0111248 0.0169911 0.00967834 0.0102684 0.0173857 0.0185695 0.0158489 0.00816336 0.00938529 0.0112756 0.0195662 0.0124362 0.0169212 0.0235383 0.00170743 0.0129129 0.00636926 0.00468137 0.0100621 0.0276355 0.0179432 0.0134497 0.013896 0.0188524 0.0205735 0.0150193 0.0129629 0.0165893
internal_weight=23269.8 17748.9 3285.4 14463.5 2943.69 5520.85 607.782 427.254 10023 2516.43 4913.06 3018.33 4440.5 2478.13 7338.54 341.717 572.721 2684.48 1894.74 1324.19 1943.71 210.778 4769.19 653.713 2232.62 3469.67 3516.57 2569.35 1115.75 1453.6
internal_count=80812 59220 12671 46549 11783 21592 1946 1350 33557 10433 19646 11471 12992 9121 23795 888 2767 9762 8175 5943 7666 489 14992 2327 7920 10594 9939 8803 4025 4778
is_linear=0
shrinkage=0.01


Tree=13
num_leaves=31
num_cat=0
split_feature=4 3 4 1 3 5 5 3 5 3 3 3 5 3 5 7 7 5 4 5 7 3 3 3 7 5 1 1 1 5
split_gain=1283.39 577.668 388.064 370.987 320.744 291.187 290.579 171.707 195.875 141.506 332.568 139.574 155.793 148.207 174 132.759 121.411 111.776 107.052 113.503 99.1666 95.7875 144.713 89.5838 79.4571 73.313 73.3093 72.9346 69.4361 62.6511
threshold=0.08138399571180345 13.958333492279055 0.11093043908476831 -4.0730125904083243 9.791666507720949 1.7879101634025576 1.706875264644623 13.041666507720949 0.56004327535629284 12.250000000000002 10.541666507720949 12.250000000000002 2.1122152805328374 9.791666507720949 1.7233196496963503 1.9381116628646853 1.4304029345512392 1.7710260152816775 0.055614700540900237 0.41510614752769476 1.0166172981262209 10.375000000000002 10.625000000000002 13.208333492279055 1.2463492155075075 0.63168424367904674 -1.5339183211326597 -2.2182196378707881 -1.8351767063140867 0.7455020844936372
decision_type=2 2 2 2 2 2 2 2 2 2 2 2 2 2 2 2 2 2 2 2 2 2 2 2 2 2 2 2 2 2
left_child=1 3 11 21 5 -4 9 8 -6 10 18 13 -13 14 -2 -9 -8 -3 -5 -20 -15 -1 -23 29 -25 -24 -14 -12 -10 -11
right_child=2 17 4 6 7 -7 16 15 28 23 27 12 26 20 -16 -17 -18 -19 19 -21 -22 22 25 24 -26 -27 -28 -29 -30 -31
leaf_value=0.014112353085215508 0.022734025273666216 0.024283544998416624 0.024241535405305995 0.023729176831111282 -0.0041297517100490361 0.0056383315749628498 0.014121443458673289 0.012344399141589659 0.0086435284021767842 0.024538557309836683 0.011045791543929271 0.017338556723584749 0.013678828279100629 0.011499319365067351 0.010562692702647052 -0.00064849751625505785 0.0081679637163937276 0.017226764969162169 0.022912971592197597 0.016975833296013196 0.0050641134717353013 0.0010787176108375751 0.0026145707902147527 0.018376133392640034 0.011416450170293753 0.012958438485458412 0.0055162719136005109 0.014665630073215625 0.00455379830387952 0.018620468530044374
leaf_weight=308.9495056271553 251.00729577243328 950.36715032160282 223.10540074110031 342.02421940863132 190.40027092397213 136.78744375705719 3117.3585987687111 733.60802808403969 818.01239958405495 410.23019260168076 727.61013062298298 1121.480580508709 277.60080038011074 3024.2058493047953 227.43632917106152 87.20855738222599 392.35729067027569 310.04676295816898 379.01397617161274 2618.9484288692474 264.40470312535763 239.13845629990101 87.987331598997116 1541.6916624754667 191.67068774998188 336.33420118689537 188.1406546831131 2724.9613457173109 863.56463193893433 359.60028681159019
leaf_count=1097 657 2281 557 880 985 584 10826 2685 3370 990 2736 3518 963 11350 867 424 1618 965 998 8254 1167 1187 399 4562 705 1225 795 9289 3824 1054
internal_value=0.0143147 0.0160652 0.0111821 0.0154699 0.00832936 0.0172024 0.015923 0.00713865 0.00545867 0.0168521 0.0160935 0.0128067 0.0153101 0.0117487 0.0169757 0.0109583 0.0134586 0.0225591 0.0183509 0.0177318 0.0109843 0.00949396 0.0073268 0.018905 0.0176129 0.0108309 0.0104017 0.0139059 0.00654822 0.0217945
internal_weight=23445.3 15038.3 8406.96 13777.9 3052.69 359.893 12805.5 2692.79 1871.98 9295.75 6792.56 5354.28 1587.22 3767.05 478.444 820.817 3509.72 1260.41 3339.99 2997.96 3288.61 972.409 663.46 2503.19 1733.36 424.322 465.741 3452.57 1681.58 769.83
internal_count=80812 49066 31746 45820 12429 1141 41912 11288 8179 29468 22157 19317 5276 14041 1524 3109 12444 3246 10132 9252 12517 3908 2811 7311 5267 1624 1758 12025 7194 2044
is_linear=0
shrinkage=0.01


Tree=14
num_leaves=31
num_cat=0
split_feature=4 0 0 4 4 1 5 6 0 5 5 0 0 0 4 7 6 6 7 0 7 1 5 4 0 7 4 5 5 4
split_gain=1235.27 863.58 276.799 245.908 218.063 199.763 286.404 148.531 99.7353 96.4139 94.8742 94.7118 91.2402 89.6384 85.8972 68.1128 59.9129 59.2881 59.1801 55.5814 54.8956 53.4018 54.975 51.0315 47.6026 46.7822 46.1363 45.4682 40.4107 40.3414
threshold=0.093469284474849715 2.2570328712463383 1.325365483760834 0.067371033132076277 0.12133610993623735 -3.0801728963851924 1.3808084130287173 1.0480365157127383 1.2661034464836123 0.56004327535629284 1.6297368407249453 1.1274259090423586 4.7372751235961923 5.1106133460998544 0.078313324600458159 0.83071365952491771 -1.607329189777374 -2.5988310575485225 1.1792610287666323 1.6153087019920351 2.0216439962387089 -2.4761891365051265 0.97631174325943004 0.05717799253761769 1.6415792107582095 0.053856914862990386 0.071452978998422637 2.5662910938262944 2.0079398155212407 0.1872094199061394
decision_type=2 2 2 2 2 2 2 2 2 2 2 2 2 2 2 2 2 2 2 2 2 2 2 2 2 2 2 2 2 2
left_child=1 3 4 7 25 13 -7 10 27 -6 -1 18 20 23 21 29 -15 -8 -5 -12 -4 -13 -23 -3 -16 -2 -19 -9 -22 -11
right_child=2 5 12 11 9 6 17 8 -10 15 19 14 -14 16 24 -17 -18 26 -20 -21 28 22 -24 -25 -26 -27 -28 -29 -30 -31
leaf_value=0.018645731576133556 0.014758284856124822 0.015770057036251249 0.0080183094616354637 0.016247912418416131 0.0014254677493579675 0.016158886039956952 -0.00063626261854797072 0.016749231823219583 0.0062324008154861377 0.010733934840280946 0.016876055417526944 0.010965674961232378 -0.0012891374723622553 -0.0054820101828065198 0.013224905504002888 0.0023141331870216711 0.0049473079669873415 0.011189448007857492 0.01033159946363673 0.012405985896383698 -0.0068586560071745165 0.01837554613391076 0.01410698980518643 0.0076504516035945797 0.0091620742005466098 0.01161307742668787 0.007220403143117525 0.008981568020063186 0.0049457958734877919 0.0015027701934195636
leaf_weight=5556.4826845824718 1385.6764430552721 90.912400394678116 1782.6134266853333 3801.66505458951 169.54312124848366 1061.4852936267853 58.10856331884861 406.46049129962921 166.01625920832157 1039.074777379632 1328.1453242301941 269.93642194569111 123.23056484758854 77.542854532599449 715.03979206085205 120.38607482612133 184.94746771454811 754.45410907268524 185.45133319497108 374.47673308849335 40.618428260087967 561.07795907557011 729.8993453681469 598.41970159113407 514.2990210801363 772.09762328863144 502.56004798412323 98.776090353727341 96.819115310907364 51.114090964198112
leaf_count=16295 4674 314 7293 12092 793 3416 281 1276 676 3979 4182 995 614 427 2494 544 831 2842 697 1337 217 1674 2475 2490 1982 2811 2070 374 434 233
internal_value=0.0140679 0.0153408 0.00995232 0.0163827 0.0116475 0.0107336 0.0122872 0.0175844 0.0130341 0.00852765 0.0180035 0.0149747 0.00701266 0.00684455 0.0135405 0.0095172 0.00184278 0.00915348 0.0159753 0.0158998 0.00754828 0.0151136 0.0159724 0.00873921 0.0115337 0.0136381 0.00961008 0.0152509 0.00140863 0.0103066
internal_weight=23617.3 18036.2 5581.17 14707.7 3537.89 3328.43 2376.61 7930.36 671.253 1380.12 7259.1 6777.37 2043.28 951.822 2790.25 1210.57 262.49 1315.12 3987.12 1702.62 1920.05 1560.91 1290.98 689.332 1229.34 2157.77 1257.01 505.237 137.438 1090.19
internal_count=80812 59220 21592 46549 13034 12671 8609 24140 2326 5549 21814 22409 8558 4062 9620 4756 1258 5193 12789 5519 7944 5144 4149 2804 4476 7485 4912 1650 651 4212
is_linear=0
shrinkage=0.01


Tree=15
num_leaves=31
num_cat=0
split_feature=0 3 3 3 5 0 3 0 5 5 3 3 1 3 5 3 5 3 6 3 5 5 1 6 5 6 5 3 6 3
split_gain=955.963 569.831 514.803 268.507 319.632 306.326 228.655 223.078 176.448 149.764 90.1911 89.4044 79.2595 68.8262 110.345 62.9773 136.769 125.39 123.882 88.5404 91.6198 87.4433 86.6107 84.6813 69.6503 68.5609 62.0791 82.1584 73.1315 77.8848
threshold=2.2570328712463383 12.250000000000002 13.875000000000002 10.208333492279055 1.3237074017524721 3.0526472330093388 10.541666507720949 1.5046671628952029 3.086465716362 2.0908728837966923 13.041666507720949 10.375000000000002 -1.148689270019531 10.041666507720949 3.1851475238800053 10.708333492279055 2.2542238235473637 11.041666507720949 1.017674505710602 9.791666507720949 1.6919304728507998 0.46378853917121893 -1.6587331891059873 -0.90000170469284047 0.50174206495285045 1.1097137928009035 0.62479588389396679 13.208333492279055 -0.64279371500015248 14.041666507720949
decision_type=2 2 2 2 2 2 2 2 2 2 2 2 2 2 2 2 2 2 2 2 2 2 2 2 2 2 2 2 2 2
left_child=1 7 3 4 -2 10 11 15 12 26 -5 -7 -4 -6 -15 16 19 18 24 20 25 -21 -23 -19 -17 -1 27 -3 29 -28
right_child=2 9 8 5 13 6 -8 -9 -10 -11 -12 -13 -14 14 -16 17 -18 23 -20 21 -22 22 -24 -25 -26 -27 28 -29 -30 -31
leaf_value=0.020828163094676843 0.026020773038145619 0.02408727246030273 0.025148353222955305 0.0085835932186482736 0.0066358387197396071 0.0028219211823723705 0.0064242382931880074 0.011238103536677724 0.0044068279233512074 0.014421631480680618 0.013886871169537714 -0.0060317906133033755 0.016262576137469096 0.019884863558403274 0.0054173088101421201 0.007666096620557325 0.012106977719008052 0.010027120319022767 0.0034121460684992909 0.018257639303132484 0.011560652745580746 0.015905734392271827 0.012934205724369603 0.015739652841683979 0.013336640818868107 0.011863900500845286 0.013477486667977052 0.018590056363970694 0.018474804394174007 0.021263356932695744
leaf_weight=734.61167335510254 167.86339268088341 392.07550148665905 253.48677146434784 1000.3589146584272 275.92344316840172 209.51212599873543 1109.023816049099 2836.4491805881262 71.579586952924728 1277.4536457806826 483.51077085733414 248.02975569665432 181.47390082478523 134.67600284516811 89.067818433046341 280.13785462081432 1384.3062233328819 313.25377467274666 185.52299007773399 742.38283762335777 170.50198371708393 2081.764997035265 1957.4835747927427 1812.3381135910749 1078.0965829491615 102.31482657790184 695.45874273777008 1042.3271995037794 2287.7089251875877 163.61415691673756
leaf_count=1951 390 928 585 4018 1155 957 4714 10462 306 4234 1645 1357 570 394 377 1091 4963 1181 804 2190 603 6698 6720 5898 3757 349 2318 2958 6564 433
internal_value=0.0139359 0.0148693 0.00961692 0.00832391 0.0140763 0.00706136 0.0039701 0.0137484 0.0190801 0.017484 0.0103191 -0.00196803 0.0214754 0.0100316 0.0141728 0.0144041 0.0149587 0.0133168 0.0111257 0.0156387 0.018372 0.0150599 0.0144687 0.0149027 0.012174 0.019746 0.0183352 0.020104 0.0175242 0.0149777
internal_weight=23762.3 19537.8 4224.51 3717.97 667.531 3050.44 1566.57 13679.2 506.54 5858.64 1483.87 457.542 434.961 499.667 223.744 10842.7 7173.37 3669.35 1543.76 5789.06 1007.43 4781.63 4039.25 2125.59 1358.23 836.926 4581.18 1434.4 3146.78 859.073
internal_count=80570 64102 16468 15007 2316 12691 7028 46667 1461 17435 5663 2314 1155 1926 771 36205 23474 12731 5652 18511 2903 15608 13418 7079 4848 2300 13201 3886 9315 2751
is_linear=0
shrinkage=0.01


Tree=16
num_leaves=31
num_cat=0
split_feature=4 0 4 2 0 6 4 7 4 6 7 7 2 0 6 0 0 0 0 4 6 6 2 0 2 7 6 4 4 2
split_gain=1065.39 848.758 258.014 240.829 174.887 145.634 115.951 100.23 98.9361 78.731 78.2197 77.8601 64.7249 64.5126 48.4832 47.6649 46.5589 45.337 45.0191 55.609 44.1691 55.4112 43.1993 42.0682 42.0363 41.0288 39.3861 35.9709 57.013 50.8434
threshold=0.099058780819177641 2.2570328712463383 0.067764107137918486 -5.0185384750366202 1.3047125935554507 0.85013374686241161 0.12133610993623735 1.2463492155075075 0.071452978998422637 -3.7243680953979488 2.0216439962387089 2.217389822006226 -2.210018396377563 1.035481929779053 -1.3715742230415342 4.7372751235961923 1.4819276928901675 0.15436714887619021 0.89197584986686718 0.08138399571180345 0.27163477241992956 -1.1517177224159239 -2.4726620912551875 -0.84396752715110768 -2.0412265062332149 0.29499261081218725 -0.96418479084968556 0.10636398568749429 0.10507167875766756 -1.5944947600364683
decision_type=2 2 2 2 2 2 2 2 2 2 2 2 2 2 2 2 2 2 2 2 2 2 2 2 2 2 2 2 2 2
left_child=1 2 5 9 6 7 17 16 20 -3 15 12 18 -7 -10 27 25 -2 -4 -20 21 -5 -9 -8 -15 -1 -25 28 -6 -29
right_child=4 3 11 8 10 13 23 22 14 -11 -12 -13 -14 24 -16 -17 -18 -19 19 -21 -22 -23 -24 26 -26 -27 -28 29 -30 -31
leaf_value=0.018722600794560413 0.015817058317919901 -0.0051473137473087979 0.014978641545130813 0.010599957467009945 0.0086822717771385446 0.01518030050246821 0.014235777787842808 0.0066430757792830366 0.0042291836307179398 0.0067602484490370054 9.9322347973055828e-05 0.0053928287808398543 0.015307065367520148 0.0073178246108207366 0.010374253385841361 -2.6898049080063776e-05 0.016176274727279467 0.011792339486157811 0.013888071746744453 0.010380911483627813 0.010079563833524978 0.015606103088041482 0.014412479826310125 0.0027409004414726658 0.015611876249527135 0.016574594040181002 0.0088008211843193431 0.0065172630436628378 0.018528657732647422 0.015086902940254996
leaf_weight=3999.4625516086817 389.79628598690033 58.281442135572433 1149.818553134799 307.20503915846348 299.06213949620724 574.51073764264584 131.65202955901623 98.544798031449318 156.76151783764362 913.40018500387669 154.34229761362076 97.257784485816956 4406.3067758381367 240.63675986230373 823.10557979345322 77.035345673561096 1569.8639469444752 1172.3898710310459 1111.079686820507 809.1777952760458 317.10725501179695 925.31551647186279 307.48083011806011 121.91251100599766 85.047197863459587 1270.6648805588484 1125.192489773035 1086.0857265889645 75.305597469210625 74.933947786688805
leaf_count=11331 1250 318 3703 1146 1172 1819 456 390 680 3852 745 403 13982 939 3087 374 4840 4133 3714 2983 1185 2982 1021 544 269 3800 4422 4532 238 260
internal_value=0.0137002 0.0147451 0.0157377 0.0102855 0.00943175 0.0169789 0.0109294 0.0174536 0.0119134 0.00603861 0.00693353 0.014401 0.0145172 0.0131443 0.00939891 0.00758437 0.0177431 0.0128045 0.0133796 0.0124159 0.0134965 0.0143672 0.0125496 0.00879736 0.00951962 0.0182073 0.00821377 0.00796939 0.0106983 0.00708092
internal_weight=23928.7 19221 15719.9 3501.18 4707.71 8146.21 2940.94 7246.02 2529.49 971.682 1766.77 7573.64 7476.38 900.195 979.867 1612.42 6839.99 1562.19 3070.08 1920.26 1549.63 1232.52 406.026 1378.76 325.684 5270.13 1247.11 1535.39 374.368 1161.02
internal_count=80570 62444 49194 13250 18126 24409 10805 21382 9080 4170 7321 24785 24382 3027 3767 6576 19971 5383 10400 6697 5313 4128 1411 5422 1208 15131 4966 6202 1410 4792
is_linear=0
shrinkage=0.01


Tree=17
num_leaves=31
num_cat=0
split_feature=4 3 5 7 3 5 1 3 4 7 3 7 5 6 3 4 3 7 5 3 3 7 4 1 3 5 1 3 4 5
split_gain=1025.67 633.457 388.645 361.079 258.326 282.665 240.163 239.317 175.446 152.212 149.365 141.647 120.909 108.009 104.747 93.9862 92.7921 131.376 101.706 82.6392 188.299 81.1464 72.3582 71.3176 69.4226 87.2318 62.4713 61.8252 59.1613 54.1777
threshold=0.099058780819177641 12.250000000000002 2.1353733539581303 1.2145335078239443 9.791666507720949 1.7381622791290285 -3.4029431343078609 12.250000000000002 0.067914526909589781 2.6480542421340947 13.958333492279055 1.9381116628646853 0.91928085684776317 0.85013374686241161 10.375000000000002 0.113555945456028 13.208333492279055 1.2463492155075075 0.70286896824836742 11.041666507720949 10.791666507720949 0.92921465635299694 0.066696599125862135 -0.88454133272171009 10.708333492279055 2.3826892375946049 -5.4156103134155265 11.041666507720949 0.11451862379908563 0.54550945758819591
decision_type=2 2 2 2 2 2 2 2 2 2 2 2 2 2 2 2 2 2 2 2 2 2 2 2 2 2 2 2 2 2
left_child=1 3 10 6 5 -2 14 12 13 -4 16 -9 15 23 -1 27 18 -18 -3 20 -15 28 -12 -8 25 -10 -5 -6 -14 -17
right_child=4 2 9 26 7 -7 8 11 24 -11 22 -13 21 19 -16 29 17 -19 -20 -21 -22 -23 -24 -25 -26 -27 -28 -29 -30 -31
leaf_value=0.012856328260662036 0.02206688729749896 0.023529819960354661 0.013413899619154165 -0.0054026393204488444 0.0045032752485132839 0.0069075064936894451 0.016198177024453923 0.01304124249475604 0.014530369882830794 0.0019657959053500261 0.023746949523095556 0.0023816530980926604 0.010857818149199592 0.012497169486645133 0.00760429174797505 -0.004238042042685462 0.017220346154565025 0.010187178443254204 0.017149395895035145 0.019165710602139903 -0.0030839783372215192 0.0025982890620819643 0.018742435211006707 0.011302757696267081 0.011231965178782943 0.010610709904169402 0.0068491454038670241 0.014306195416848015 0.0072202997437027742 0.0030377086021850818
leaf_weight=693.76668463647366 307.97035218775272 460.64842012524605 1144.8120942562819 43.820614010095596 206.01725102961063 207.55646756291389 4766.1896626651287 1213.3925748616457 2671.9811246991158 130.61347329616547 680.45564644038677 140.51350376009941 786.56796996295452 513.84319946169853 864.48363529145718 160.15531513094902 2189.5875141173601 309.5500413030386 593.55815328657627 125.15693885087967 90.549742996692657 245.21091209352016 557.61377285420895 330.46663188934326 1835.7207951843739 744.786740899086 613.6890132278204 95.277514725923538 1087.1387231349945 280.93009915947914
leaf_count=2415 762 1055 3782 237 850 836 14499 4154 8614 586 1523 638 2907 1757 3543 823 6307 1128 1716 360 431 1119 1503 1173 6574 2721 2520 323 4474 1240
internal_value=0.0134709 0.0144915 0.0171736 0.0132665 0.00929193 0.0159859 0.0136428 0.00847026 0.0141614 0.0122467 0.0184826 0.0119399 0.00682494 0.0153634 0.00994919 0.00333735 0.0174251 0.0163534 0.019952 0.0117188 0.0101539 0.00804341 0.0215055 0.0158829 0.0128259 0.0136791 0.00602153 0.00763836 0.00875246 0.000382799
internal_weight=24092 19361.3 6066.84 13294.5 4730.73 515.527 12636.9 4215.2 11078.7 1275.43 4791.41 1353.91 2861.3 5826.21 1558.25 742.38 3553.34 2499.14 1054.21 729.55 604.393 2118.92 1238.07 5096.66 5252.49 3416.77 657.51 301.295 1873.71 441.085
internal_count=80570 62444 17600 44844 18126 1598 42087 16528 36129 4368 13232 4792 11736 18220 5958 3236 10206 7435 2771 2548 2188 8500 3026 15672 17909 11335 2757 1173 7381 2063
is_linear=0
shrinkage=0.01


Tree=18
num_leaves=31
num_cat=0
split_feature=0 3 3 3 5 0 3 0 5 5 3 3 1 3 5 0 3 5 3 6 3 5 5 1 6 5 6 6 6 3
split_gain=870.065 521.263 480.796 256.403 300.302 288.151 220.35 206.275 163.092 134.526 86.138 83.1881 74.3929 65.3105 104.034 59.8015 58.746 125.136 117.778 115.599 82.4085 85.1765 81.5385 83.057 78.5585 66.4729 63.9721 59.4755 58.0202 57.6413
threshold=2.2570328712463383 12.250000000000002 13.875000000000002 10.208333492279055 1.3237074017524721 3.0526472330093388 10.541666507720949 1.5046671628952029 3.086465716362 2.0908728837966923 10.375000000000002 13.041666507720949 -1.148689270019531 10.041666507720949 3.1851475238800053 3.9236072301864628 10.708333492279055 2.2542238235473637 11.041666507720949 1.017674505710602 9.791666507720949 1.6919304728507998 0.46378853917121893 -1.6587331891059873 -0.90000170469284047 0.50174206495285045 1.1097137928009035 -0.33081606030464167 -1.2263059020042417 10.125000000000002
decision_type=2 2 2 2 2 2 2 2 2 2 2 2 2 2 2 2 2 2 2 2 2 2 2 2 2 2 2 2 2 2
left_child=1 7 3 4 -2 11 10 16 12 -3 -7 -5 -4 -6 15 -15 17 20 19 25 21 26 -22 -24 -20 -18 27 -1 -13 -19
right_child=2 9 8 5 13 6 -8 -9 -10 -11 -12 28 -14 14 -16 -17 18 29 24 -21 22 -23 23 -25 -26 -27 -28 -29 -30 -31
leaf_value=0.012068667587589016 0.024912337382627343 0.01739417720048745 0.023970111761223808 0.0081596891429923778 0.0062930551463838396 0.0025584665453778155 0.0060926747509115085 0.0106727964026971 0.0041534013705384299 0.013723008488731443 -0.0060918576054060326 0.0042506419559047107 0.015464067131840507 0.01346447637242448 0.005114184964896038 0.027307679044881596 0.0071795583637983941 0.0098182835536814485 0.0095118306165559788 0.00313610103152011 0.017359597422305022 0.01095981807073922 0.015134033386268295 0.012255958961948105 0.014964366024789674 0.012666609633341144 0.011233152595024618 0.02087381483470065 0.01454581944185509 0.014000969384479357
leaf_weight=92.849154025316238 171.93609654903412 4693.3422971516848 260.0622793585062 1016.041251167655 279.70776945352554 212.1547991335392 1123.871516123414 2889.6054620891809 72.361712530255318 1303.8126121014357 249.27397091686726 64.977779880166054 185.51614840328693 83.201942607760429 90.198560386896133 54.358496218919754 285.19102585315704 841.11828714609146 318.81396135687828 187.83525381982327 759.9186357408762 173.81621359288692 2127.3297508060932 1998.453456401825 1852.5394191890955 1100.4049070030451 104.35757958889008 660.14346657693386 428.47602666914463 569.50931563973427
leaf_count=297 390 13201 585 4018 1155 957 4714 10462 306 4234 1357 271 570 279 377 115 1091 3067 1181 804 2190 603 6698 6720 5898 3757 349 1654 1374 1896
internal_value=0.0132483 0.0141273 0.00915839 0.00791421 0.0134844 0.0066878 0.00370344 0.0130651 0.0181986 0.0165981 -0.00210534 0.00981645 0.0204611 0.00958187 0.0135763 0.0190501 0.0136885 0.0142183 0.0126488 0.0105446 0.0148609 0.017467 0.0143081 0.0137428 0.0141685 0.0115438 0.0187732 0.0198034 0.013206 0.0115149
internal_weight=24251.2 19959 4292.14 3774.2 679.403 3094.8 1585.3 13961.9 517.94 5997.15 461.429 1509.5 445.578 507.467 227.759 137.56 11072.3 7327.5 3744.78 1573.43 5916.87 1031.17 4885.7 4125.78 2171.35 1385.6 857.35 752.993 493.454 1410.63
internal_count=80570 64102 16468 15007 2316 12691 7028 46667 1461 17435 2314 5663 1155 1926 771 394 36205 23474 12731 5652 18511 2903 15608 13418 7079 4848 2300 1951 1645 4963
is_linear=0
shrinkage=0.01


Tree=19
num_leaves=31
num_cat=0
split_feature=4 0 4 2 0 6 4 4 7 6 7 7 0 0 1 4 6 0 0 4 0 2 0 2 7 6 6 6 7 4
split_gain=982.963 773.569 237.673 221.88 161.704 132.027 109.127 92.2268 91.8406 74.4249 73.0828 72.7194 60.692 60.2435 68.4085 48.332 45.2991 45.0366 42.9866 42.7187 42.2439 40.7113 39.6057 39.5338 38.7993 37.3522 36.0577 45.3757 35.6223 33.9426
threshold=0.099058780819177641 2.2570328712463383 0.067764107137918486 -5.0185384750366202 1.3047125935554507 0.85013374686241161 0.12133610993623735 0.071452978998422637 1.2463492155075075 -3.7243680953979488 2.0216439962387089 2.217389822006226 1.035481929779053 0.83729287981987011 -1.4570692181587217 0.086730640381574645 -1.3715742230415342 4.7372751235961923 0.15436714887619021 0.070713009685277953 1.4819276928901675 -2.4726620912551875 -0.84396752715110768 -2.0412265062332149 0.29499261081218725 -0.96418479084968556 0.26254464685916906 -1.1292361021041868 1.1792610287666323 0.10636398568749429
decision_type=2 2 2 2 2 2 2 2 2 2 2 2 2 2 2 2 2 2 2 2 2 2 2 2 2 2 2 2 2 2
left_child=1 2 5 9 6 8 18 19 20 -3 17 13 -7 28 15 -15 -9 29 -2 26 24 -10 -8 -14 -1 -24 27 -5 -4 -6
right_child=4 3 11 7 10 12 22 16 21 -11 -12 -13 23 14 -16 -17 -18 -19 -20 -21 -22 -23 25 -25 -26 -27 -28 -29 -30 -31
leaf_value=0.017787351493384142 0.015091652778012362 -0.0051418308117460879 0.015036600952090298 0.0099865722399166551 0.010195458847669082 0.014470381571902752 0.013558118490772078 0.0039628146517581807 0.0062393319130453328 0.0064350203847452448 0 0.0050442566778882434 0.0069065073390840457 0.012655754532338543 0.014303314650940703 0.0092454402992905044 0.0098661493197298011 -0.00017110607580401448 0.011212661982944953 0.021620606305394034 0.015378020719517166 0.013717716385493668 0.0024770053357989624 0.014871731226052891 0.015724060470456588 0.0083395661779418623 0.0094096565597473654 0.014492645926576507 0.0093868668647836516 0.0067104154847103161
leaf_weight=4095.7023322582245 397.83344368636608 58.230229407548904 3197.990715906024 317.12549051642418 380.75530971586704 586.114422544837 134.36734800040722 158.57587198913097 100.07985143363476 925.01554638147354 155.29753328859806 98.655478194355965 244.34045177698135 1606.3469113558531 2115.4902372956276 589.59363256394863 837.29518565535545 77.655317455530167 1194.0845184773207 55.688682243227959 1604.5509444475174 313.78787577152252 123.42535327374935 86.836005583405495 1300.0278570950031 1143.9278651326895 312.79538720846176 894.06177400052547 123.8421391248703 1177.7814472019672
leaf_count=11331 1250 318 9798 1164 1410 1819 456 680 390 3852 745 403 939 5326 6655 2157 3087 374 4133 150 4840 1021 544 269 3800 4422 1153 2846 446 4792
internal_value=0.0130316 0.0140232 0.0149587 0.00979812 0.00896309 0.0161361 0.0103888 0.0113432 0.0165822 0.00574206 0.00657565 0.0136883 0.0125174 0.0137991 0.0130028 0.0117447 0.00893362 0.00719772 0.0121896 0.0128558 0.0168556 0.0119311 0.00833645 0.00902937 0.0172927 0.00777377 0.0125253 0.0133216 0.0148289 0.00756803
internal_weight=24407.3 19622.1 16063.4 3558.79 4785.13 8331.44 2993.64 2575.54 7414.15 983.246 1791.49 7731.92 917.291 7633.26 4311.43 2195.94 995.871 1636.19 1591.92 1579.67 7000.28 413.868 1401.72 331.176 5395.73 1267.35 1523.98 1211.19 3321.83 1558.54
internal_count=80570 62444 49194 13250 18126 24409 10805 9080 21382 4170 7321 24785 3027 24382 14138 7483 3767 6576 5383 5313 19971 1411 5422 1208 15131 4966 5163 4010 10244 6202
is_linear=0
shrinkage=0.01


Tree=20
num_leaves=31
num_cat=0
split_feature=4 0 0 4 5 1 5 7 4 6 0 4 6 6 5 6 4 1 5 5 0 1 0 7 0 5 5 5 1 4
split_gain=1009.92 590.732 348.946 283.589 222.827 166.5 174.779 123.912 108.631 92.9355 86.3232 77.8478 71.0299 69.0074 57.5807 54.7093 54.2225 53.012 49.2843 48.5234 47.5886 46.5771 45.5248 44.2118 42.7257 41.6015 40.0969 51.9151 45.1935 40.0652
threshold=0.082300893962383284 2.6826215982437138 1.6415792107582095 0.12011793628335 1.8222092986106875 -3.4029431343078609 2.8145312070846562 1.4304029345512392 0.068446245044469847 -1.4790443181991575 1.7657737135887148 0.10636398568749429 0.87632191181182872 1.1842128038406374 0.91142216324806224 -2.5988310575485225 0.10507167875766756 -3.1570748090744014 3.3382232189178471 0.45575167238712316 0.88278231024742138 -1.4504176974296568 0.54820644855499279 0.63245728611946117 5.1106133460998544 0.56703704595565807 1.4041067361831667 0.4478543102741242 -1.9818944931030271 0.1872094199061394
decision_type=2 2 2 2 2 2 2 2 2 2 2 2 2 2 2 2 2 2 2 2 2 2 2 2 2 2 2 2 2 2
left_child=1 4 3 20 8 15 26 10 12 -4 13 16 -1 -6 -5 -3 17 -11 -15 -17 23 22 -10 -2 -21 -23 27 -7 -28 -16
right_child=2 5 9 14 7 6 -8 -9 21 11 -12 -13 -14 18 29 19 -18 -19 -20 24 -22 25 -24 -25 -26 -27 28 -29 -30 -31
leaf_value=0.016602376168605899 0.013868485838287748 -0.0028920006892002061 0.0016621350252209021 0.0047885261913671491 0.014812293471648299 0.0051411871445712362 0.0051081756338511074 0.0061007183014238943 0.015206943373910341 0.0039438945487835463 0.0099009993097749858 0.005058907808250925 0.013067950169623579 0.013127337257187994 0.0093124000118282885 -0.0039673437767122699 0.019092861742849406 0.0095366261800253638 0.0053852921089633313 0.0088850728087521858 0.011218680652749866 0.018353754161991247 0.011924060722004368 0.0096989521164811583 0.0025208491184108258 0.014402537952987404 0.0054012626214321249 0.015765018078669403 0.012706061964493578 0.00089851584983728541
leaf_weight=6654.4326106160879 2295.378676071763 80.475722417235374 324.2834231108427 502.602295383811 1984.6845470517874 52.499482229351997 374.62313203513622 273.78672774136066 675.28647877275944 209.38016380369663 644.70315751433372 838.45508450269699 649.61026528477669 200.53352311253548 1101.5392782986164 44.687532618641853 51.844859331846237 996.97708007693291 145.82797968387604 328.36238521337509 1774.972998291254 392.02777691185474 1280.8818991333246 301.84531860053539 159.73596160113811 1027.8559468239546 119.41249467432499 542.38356478512287 327.31709085404873 61.171564564108849
leaf_count=18801 7285 422 1483 2085 6070 204 1559 1086 2004 895 2307 3540 2090 652 4137 227 156 3682 563 1287 6109 1058 4225 1066 734 3136 477 1634 1121 272
internal_value=0.0126788 0.0141605 0.0098821 0.0111698 0.0148956 0.00910968 0.0109972 0.0125887 0.0155965 0.006667 0.0131828 0.00743813 0.0162896 0.014086 0.00764621 0.00473708 0.00901701 0.00857211 0.00989459 0.00590044 0.0125097 0.0140931 0.0130635 0.0133878 0.00681725 0.0155031 0.013107 0.0148409 0.0107729 0.00887461
internal_weight=24417.6 15959.1 8458.45 6037.51 13929.6 2029.5 1416.24 3249.54 10680.1 2420.94 2975.75 2096.66 7304.04 2331.05 1665.31 613.262 1258.2 1206.36 346.362 532.786 4372.2 3376.05 1956.17 2597.22 488.098 1419.88 1041.61 594.883 446.73 1162.71
internal_count=80367 49657 30710 20954 41992 7665 4995 10678 31314 9756 9592 8273 20891 7285 6494 2670 4733 4577 1215 2248 14460 10423 6229 8351 2021 4194 3436 1838 1598 4409
is_linear=0
shrinkage=0.01


Tree=21
num_leaves=31
num_cat=0
split_feature=4 2 3 4 5 3 3 3 5 2 3 2 5 5 3 3 3 3 5 3 5 6 6 6 1 5 2 1 5 5
split_gain=974.157 544.744 434.823 307.508 285.57 176.527 162.177 318.966 156.482 143.242 140.716 145.475 133.295 124.001 109.779 101.862 125.157 100.683 136.737 129.223 86.108 85.313 80.3013 78.8442 77.2215 70.3918 70.1093 80.3071 67.0328 70.4532
threshold=0.082300893962383284 -6.2518820762634268 13.875000000000002 0.12133610993623735 3.0351296663284306 9.791666507720949 10.541666507720949 11.041666507720949 0.81903484463691723 -4.190072536468505 10.791666507720949 -1.9972527027130125 1.7233196496963503 1.8575503230094912 13.791666507720949 10.291666507720949 10.625000000000002 9.791666507720949 1.7381622791290285 12.250000000000002 1.8045546412467959 -0.70220947265624989 0.51811400055885326 0.24555991590023044 -0.838620364665985 2.2798637151718144 -2.8680068254470821 -0.93833562731742848 0.63841968774795543 2.5981884002685551
decision_type=2 2 2 2 2 2 2 2 2 2 2 2 2 2 2 2 2 2 2 2 2 2 2 2 2 2 2 2 2 2
left_child=1 15 4 9 6 12 8 10 -3 -2 22 23 -5 -4 20 25 -17 18 -11 -19 -7 -9 -8 -12 -21 -1 -6 -28 -18 -30
right_child=3 2 13 5 26 14 7 21 -10 17 11 -13 -14 -15 -16 16 28 19 -20 24 -22 -23 -24 -25 -26 -27 27 -29 29 -31
leaf_value=0.019211316139058653 0.0063578505475498093 0.018097148197773218 0.020571297277615211 0.020411067618571394 0.0064063210445717981 0.0025274475289246679 0.014057587719984783 0.012472138866987083 0.014293804135542525 0.020019580752521013 0.0070412374906790821 0.011714068047678067 0.006159234117074636 0.013905384533016645 0.011406268571026753 -0.0016251067060625449 -0.0021733497846445271 0.0098145581235995691 0.0091969550011971046 0.014134448212238892 0.0070863785272661751 0.015519156213595198 0.0084514425852453539 -0.00040117790586646724 0.0084095875863686772 0.0052635863987011726 0.01278857781517722 0.0059296135368260899 0.015283302842752106 0.0019244079990356348
leaf_weight=73.889300107955933 638.57394836843014 1713.7376604527235 1312.6805392354727 150.10936751961708 497.81108291447163 947.68727397918701 986.01077221333981 1267.917334780097 3077.7171391844749 297.65426959097385 429.83219900727272 523.94668319821358 119.57648208737373 367.55374026298523 271.19495362043381 279.14830453693867 47.60857567191124 3390.3565342128277 197.91684271395206 1452.6466896533966 743.79147773981094 3728.7325755953789 356.27650547027588 210.78028452396393 290.27461993694305 73.918563902378082 701.9752102047205 231.43717579543591 124.88352599740028 59.180209964513779
leaf_count=201 2559 4559 3060 371 1938 4151 3078 4114 9408 730 1611 1729 483 1126 948 1419 229 12203 714 4458 3016 10766 1316 931 1077 298 2281 927 412 254
internal_value=0.0124765 0.0139261 0.014307 0.00973555 0.0137167 0.00654028 0.01421 0.0132844 0.0156569 0.0108722 0.0103623 0.00780108 0.0141335 0.0191207 0.00549103 0.00500348 0.00286925 0.0113829 0.015721 0.0109616 0.0045366 0.0147483 0.012577 0.00458626 0.0131866 0.012311 0.00947201 0.0110974 0.008298 0.0110321
internal_weight=24564.8 16065 15406.4 8499.78 13726.2 2232.36 12295 7503.5 4791.45 6267.42 2506.85 1164.56 269.686 1680.23 1962.67 658.628 510.821 5628.85 495.571 5133.28 1691.48 4996.65 1342.29 640.612 1742.92 147.808 1431.22 933.412 231.672 184.064
internal_count=80367 49657 46844 30710 42658 8969 37512 23545 13967 21741 8665 4271 854 4186 8115 2813 2314 19182 1444 17738 7167 14880 4394 2542 5535 499 5146 3208 895 666
is_linear=0
shrinkage=0.01


Tree=22
num_leaves=31
num_cat=0
split_feature=4 0 0 3 3 3 4 3 0 3 3 3 3 3 3 7 6 3 6 3 3 6 3 7 7 4 7 4 4 0
split_gain=940.214 555.036 333.341 312.249 417.388 293.974 264.928 255.832 227.336 195.595 156.237 112.228 99.5378 134.564 98.6526 97.7249 89.8853 91.3402 86.473 81.9513 102.247 81.126 78.9995 73.9423 72.8117 68.5292 77.9999 61.0759 60.3199 121.205
threshold=0.082300893962383284 2.6826215982437138 1.6415792107582095 10.125000000000002 13.708333492279055 13.791666507720949 0.12011793628335 10.041666507720949 1.5046671628952029 10.625000000000002 9.791666507720949 10.375000000000002 11.208333492279055 9.791666507720949 13.041666507720949 1.3132537603378298 -1.4790443181991575 13.208333492279055 0.87632191181182872 12.250000000000002 10.625000000000002 0.98448532819747936 13.291666507720949 0.29499261081218725 -1.3957764506340025 0.14935258030891421 -0.67293223738670338 0.067914526909589781 0.10636398568749429 0.1967541575431824
decision_type=2 2 2 2 2 2 2 2 2 2 2 2 2 2 2 2 2 2 2 2 2 2 2 2 2 2 2 2 2 2
left_child=1 5 6 7 9 8 12 -3 18 11 21 -5 13 24 25 -7 -4 -18 23 20 -10 -8 -21 27 -2 26 -12 -1 -15 -30
right_child=2 3 16 4 -6 15 10 -9 19 -11 14 -13 -14 28 -16 -17 17 -19 -20 22 -22 -23 -24 -25 -26 -27 -28 -29 29 -31
leaf_value=0.016413223811982576 0.0090481216550852735 0.0072099341135329125 0.0015519053912043696 0.005787318951245333 0.017296599701556285 0.018921188691369391 0.01835220856278983 0.026371833676736671 0.012746237672889878 0.0077894036359042853 0.0089268698192849511 -0.0034726522776841436 0.014073572736948479 0.010797550592767373 0.010130520841619497 0.010470495366191181 0.0059923674778790889 0.01079167860685345 0.012051467671719463 0.017439305051148948 0.0086993177574971377 0.0047831447346866783 0.011200267219481265 0.01342136255680287 0.018060936551133989 0.0082207626826968465 0.00075691255791703949 0.014187738216966578 0.017451584683445133 0.0045606949855292187
leaf_weight=3790.5379865318537 125.08438850939274 120.45684988796711 326.05618618428707 215.34645991027355 333.78605403006077 1641.1639944016933 178.19532635807991 169.3077001273632 1262.7192019969225 878.46257625520229 150.79074387252331 331.8720368295908 1667.6032548993826 1763.3485054373741 442.68507182598114 154.59614086151123 1577.2678474634886 536.81719189882278 1120.7476870268583 422.53589631617069 1273.7616902291775 60.501779302954674 413.70883123576641 2085.3811591863632 359.40941758453846 323.70722641050816 521.52857048809528 1953.7733933925629 88.619045823812485 418.5413466989994
leaf_count=10470 442 465 1483 880 922 4004 472 331 4074 3364 578 1703 5101 6044 1574 517 6407 1866 3621 1117 4622 244 1317 6368 945 1273 2353 5882 261 1667
internal_value=0.0122797 0.0136985 0.00959249 0.00882496 0.00723227 0.0144051 0.0108436 0.0184495 0.0138511 0.00486723 0.00744787 0.000164245 0.0121294 0.0109484 0.00619479 0.0181996 0.00646138 0.00721566 0.0146882 0.0116263 0.0107181 0.014951 0.0143672 0.0150642 0.0157561 0.00443632 0.00260201 0.0156585 0.00991702 0.00683801
internal_weight=24708.3 16168.2 8540.16 2049.23 1759.47 14118.9 6100.01 289.765 12323.2 1425.68 1677.41 547.218 4422.61 2755 1438.71 1795.76 2440.14 2114.09 8950.44 3372.73 2536.48 238.697 836.245 7829.69 484.494 996.027 672.319 5744.31 2270.51 507.16
internal_count=80367 49657 30710 7665 6869 41992 20954 796 37471 5947 6494 2583 14460 9359 5778 4521 9756 8273 26341 11130 8696 716 2434 22720 1387 4204 2931 16352 7972 1928
is_linear=0
shrinkage=0.01


Tree=23
num_leaves=31
num_cat=0
split_feature=0 3 3 7 2 7 0 3 3 0 3 3 3 3 0 3 3 6 2 3 1 3 0 7 3 6 7 0 7 6
split_gain=744.142 524.005 354.595 192.352 181.27 168.975 135.044 124.225 240.283 138.901 117.346 112.145 89.8242 88.8276 82.367 79.6993 190.548 97.8426 72.4046 64.2146 61.383 60.7696 53.0371 50.6706 60.3589 56.7542 49.1018 63.8612 47.2276 52.5774
threshold=2.0275729894638066 13.958333492279055 12.250000000000002 2.217389822006226 -6.2518820762634268 1.2145335078239443 1.5046671628952029 10.125000000000002 10.041666507720949 3.0526472330093388 10.291666507720949 10.625000000000002 12.250000000000002 10.625000000000002 3.2768687009811406 10.791666507720949 11.041666507720949 1.4676693677902224 -3.1943717002868648 10.041666507720949 -0.47949382662773127 9.6250000000000018 3.0042592287063603 1.3910407423973086 13.125000000000002 0.74094271659851085 0.64715722203254711 0.86389204859733593 0.63245728611946117 0.98448532819747936
decision_type=2 2 2 2 2 2 2 2 2 2 2 2 2 2 2 2 2 2 2 2 2 2 2 2 2 2 2 2 2 2
left_child=2 4 5 26 10 6 15 8 -6 12 19 22 -9 -11 -10 21 17 18 -17 -2 -3 -1 -12 25 -25 -14 -4 -28 29 -23
right_child=1 20 3 -5 7 -7 -8 9 14 13 11 -13 23 -15 -16 16 -18 -19 -20 -21 -22 28 -24 24 -26 -27 27 -29 -30 -31
leaf_value=0.0082241158674329247 0.0043090122466986885 0.019702773318830608 0.015969057055346656 0.0045013613502891507 0.0074482895104449002 0.0054155336917797491 0.010006506090945739 0.0077973221455963854 0.014087436653240883 0.00029036173934082445 0.0092580575017478968 0.0062373058227425792 0.014081073192705853 0.0066553255062624496 0.026152628793223637 0.0004744548673669624 0.013199100579252878 -0.0019935758612316555 0.009766351578418082 0.015360371864638964 0.0098041740059220169 0.013978461680697369 -0.0043159371553739868 0.015922407523491399 0.0039035584151938803 0.0028247169828840768 0.011277727356969688 0.015569751061842489 0.0099239097529943854 0.01141956533874532
leaf_weight=236.57327976822853 114.305669054389 450.03801620006561 4140.1507301330566 168.68422478437424 336.23583897948265 369.67576356232166 2171.8822097629309 1462.815279096365 110.3308070152998 290.34465624392033 31.27170991897583 223.45966289937496 612.81114828586578 917.15310594439507 127.75424975156784 93.229191288352013 2108.9561963677406 87.701055482029915 955.35360339283943 100.48237970471382 77.119848608970642 6297.5110756009817 290.82388459146023 59.491969645023346 145.14494487643242 49.847712725400925 615.97350111603737 860.81531448662281 376.47307962179184 966.10601319372654
leaf_count=822 478 1093 11290 668 1278 1478 7574 5542 342 1323 122 923 1833 3635 245 398 6603 400 3294 314 269 19043 1553 176 584 195 1980 2433 1267 3212
internal_value=0.0120881 0.00879913 0.0130006 0.0150812 0.00777111 0.0121187 0.0123046 0.00860132 0.0129321 0.0078951 0.00327208 0.000794267 0.00932459 0.00512975 0.0206237 0.0127524 0.0114155 0.00809638 0.0089456 0.00952596 0.0182748 0.0133018 -0.00297026 0.0118888 0.00745234 0.0132446 0.0153976 0.0137873 0.0134578 0.0136396
internal_weight=24848.5 5399.43 19449.1 5785.62 4872.27 13663.5 13293.8 4111.93 574.321 3537.61 760.343 545.555 2330.11 1207.5 238.085 11121.9 3245.24 1136.28 1048.58 214.788 527.158 7876.66 322.096 867.296 204.637 662.659 5616.94 1476.79 7640.09 7263.62
internal_count=80367 19905 60462 16371 18543 44091 42613 15153 1865 13288 3390 2598 8330 4958 587 35039 10695 4092 3692 792 1362 24344 1675 2788 760 2028 15703 4413 23522 22255
is_linear=0
shrinkage=0.01


Tree=24
num_leaves=31
num_cat=0
split_feature=0 3 3 6 0 3 3 2 5 5 5 3 5 6 3 3 5 0 6 6 1 6 5 5 3 3 0 3 3 1
split_gain=718.458 506.129 342.344 176.46 145.597 142.29 311.207 215.51 198.019 133.731 114.273 119.749 102.339 98.2966 92.7573 113.338 111.733 87.5847 81.5549 80.4402 72.0272 70.6263 69.2389 68.3578 62.2871 61.9291 59.0721 54.8264 96.1049 58.568
threshold=2.0275729894638066 13.958333492279055 12.250000000000002 -2.5988310575485225 1.5046671628952029 10.125000000000002 10.041666507720949 -4.8316874504089347 2.7365833520889287 0.81903484463691723 2.0277706384658818 12.250000000000002 2.8973850011825566 -0.7273569107055663 10.708333492279055 11.041666507720949 2.1122152805328374 3.4063102006912236 1.3086173534393313 2.3881349563598637 -1.5834351181983946 -1.2263059020042417 0.4066296666860581 0.61020955443382274 13.458333492279055 13.791666507720949 3.1572563648223881 9.791666507720949 9.6250000000000018 -2.4361691474914546
decision_type=2 2 2 2 2 2 2 2 2 2 2 2 2 2 2 2 2 2 2 2 2 2 2 2 2 2 2 2 2 2
left_child=2 3 4 -2 14 6 -5 17 26 -4 11 -9 -3 -11 16 18 22 -7 20 -19 23 -17 -1 -16 -13 -15 -8 28 -24 -29
right_child=1 12 9 5 -6 7 8 10 -10 13 -12 24 -14 25 15 21 -18 19 -20 -21 -22 -23 27 -25 -26 -27 -28 29 -30 -31
leaf_value=0.016811682440897747 -0.00079388023747565335 0.019692506253112169 0.016827486592649789 0.006839014965537322 0.0096300622630600512 0.0067899600192246395 0.017169440062326246 0.0077352361152087084 0.0048488624637864275 0.011287033511839635 0.0061040434619920834 0.015288789499370244 0.006697113412379524 0.013443465871077373 0.003151673458942998 0.0064570928361363748 0.010697601622484308 -0.0011872195573045742 0.0018170373414606767 0.011290511781670461 0.012172236811815951 0.013126018291475933 0.0068680719190817932 0.0096177644333542214 0.0098482863741962308 0.016723989726847459 0.028421644075072441 0.015414322081986308 0.016739035107636104 0.012278651344482361
leaf_weight=649.33075293898582 233.67976668477058 459.36027424037457 2152.1696322709322 444.18473109602928 2319.2507441043854 339.6309839785099 77.115451008081436 1016.1678016930819 66.385360017418861 1204.7831662595272 1179.8993435204029 474.81254552304745 71.981947436928749 1442.0052695572376 235.68664482235909 177.18387313187122 1627.9261659681797 452.09917965531349 142.57803773880005 57.804732725024223 687.6775454133749 2034.5900338441133 115.26215147972107 558.64216171205044 400.59992492198944 1025.0435836464167 148.12892803549767 742.94629190862179 821.02039644122124 3628.6135744154453
leaf_count=1734 1132 1088 5567 1715 8118 1346 212 3802 261 3867 4697 1378 274 4258 939 667 5484 2192 604 221 2198 6309 396 1948 1343 2679 244 2158 2160 11376
internal_value=0.0119008 0.00867514 0.0127942 0.00766476 0.0119298 0.00809033 0.012138 0.00732801 0.0201664 0.0148316 0.00856173 0.0100901 0.0179493 0.0136582 0.0123959 0.0111142 0.0130427 0.00285921 0.00909105 0.000227184 0.00978663 0.0125956 0.0136818 0.00770868 0.0128119 0.0148116 0.024638 0.0132964 0.0155335 0.0128144
internal_weight=24986.6 5421.85 19564.7 4890.51 13740.7 4656.83 735.814 3921.01 291.63 5824 3071.48 1891.58 531.342 3671.83 11421.5 3836.36 7585.1 849.535 1624.58 509.904 1482.01 2211.77 5957.17 794.329 875.412 2467.05 225.244 5307.84 936.283 4371.56
internal_count=80367 19905 60462 18543 44091 17411 2432 14979 717 16371 11220 6523 1362 10804 35973 12665 23308 3759 5689 2413 5085 6976 17824 2887 2721 6937 456 16090 2556 13534
is_linear=0
shrinkage=0.01


Tree=25
num_leaves=31
num_cat=0
split_feature=0 5 1 5 5 7 0 6 0 7 7 5 2 2 7 5 2 7 6 0 6 0 5 2 6 2 1 5 0 6
split_gain=680.789 280.226 174.915 149.133 110.707 98.5192 81.0315 50.2449 48.8982 47.7651 45.144 41.2663 41.0366 40.5643 33.1234 47.3478 35.1042 32.6832 32.3789 30.4765 29.9856 29.6564 43.2995 29.1688 24.9381 24.7295 24.5551 23.5464 22.8446 55.6333
threshold=2.046269536018372 2.854958295822144 -3.4029431343078609 1.8222092986106875 1.5436081290245058 1.6720914840698244 1.2554270029067995 -1.4790443181991575 6.7908813953399667 1.4304029345512392 -0.25664575397968287 1.6006071567535403 -2.9461269378662105 -4.190072536468505 1.1471255421638491 0.5165904462337495 -1.5987796187400816 -3.3170595169067378 1.5269888639450075 5.6203835010528573 -2.1109497547149654 2.6826215982437138 0.68152832984924328 -2.1025284528732295 -1.1755160093307493 -2.711897492408752 -1.4442494511604307 5.1274740695953378 0.82858192920684826 1.2648914456367495
decision_type=2 2 2 2 2 2 2 2 2 2 2 2 2 2 2 2 2 2 2 2 2 2 2 2 2 2 2 2 2 2
left_child=3 2 8 13 9 6 17 -3 21 18 -8 -10 -11 20 16 -16 28 -5 24 -9 -1 -2 -23 -6 26 -19 -4 -12 -15 -30
right_child=1 7 4 5 23 -7 10 19 11 12 27 -13 -14 14 15 -17 -18 25 -20 -21 -22 22 -24 -25 -26 -27 -28 -29 29 -31
leaf_value=0.017837793079950509 0.0097098165156014934 0.00051670159651800388 0.011992428376470193 0.007118745131195349 0.0073921464382080398 0.0056170091791265956 0.0076415308290016873 0.0060414065384032803 -0.0074867090893455711 0.013759867532822403 0.011608419684635416 0.007269165208947056 0.0058821453736907035 0.013618942982066786 0.017590086656444397 0.0097662794140206573 0.014595639420821423 0.01100346672444515 0.0056472416988346073 0.0002057241304016871 0.0093726082344519502 0.00050056233702498645 0.0069728977417566999 0.010917231717902636 0.013771863232192484 0.01303847532702729 0.0026793253062172831 0.0048758851284072466 0.012862264201355694 0.0078163086221687602
leaf_weight=48.271816298365593 227.64590927958488 248.83131736516953 94.18036462366581 123.08235915005207 787.10476468503475 310.00725412368774 705.41183222830296 1001.8230673670769 47.297993287444115 104.41511212289333 770.5563967525959 30.716449603438377 193.77647083997726 5066.4883011579514 93.197531342506409 551.6842457652092 1935.8875176459551 873.04265676438808 59.422739773988724 100.25988030433655 448.92949889600277 139.4728826135397 419.50762355327606 354.00608164072037 1467.6745370477438 2483.3086934685707 43.063374385237694 59.616943016648293 6178.6072199940681 234.76255927979946
leaf_count=134 818 1142 297 446 2946 1207 2561 3983 270 328 2538 131 727 14898 246 1863 5511 2860 230 460 1536 653 1700 1212 4412 7645 170 231 18623 840
internal_value=0.0117244 0.00854218 0.00988258 0.0125753 0.010993 0.011133 0.0114724 0.00459889 0.00588697 0.0124407 0.00953601 -0.00160394 0.00867577 0.0131021 0.0132032 0.0109175 0.0133123 0.012324 0.0131094 0.00551539 0.0102216 0.00663679 0.00536879 0.00849441 0.0133807 0.0125123 0.00912686 0.0111342 0.0130948 0.012679
internal_weight=25202.1 5319.2 3968.28 19882.9 3103.64 5325.03 5015.02 1350.91 864.641 1962.53 1535.59 78.0144 298.192 14557.8 14060.6 644.882 13415.7 3479.43 1664.34 1102.08 497.201 786.626 558.981 1141.11 1604.92 3356.35 137.244 830.173 11479.9 6413.37
internal_count=80618 19479 13894 61139 10322 17488 16281 5585 3572 6164 5330 401 1055 43651 41981 2109 39872 10951 5109 4443 1670 3171 2353 4158 4879 10505 467 2769 34361 19463
is_linear=0
shrinkage=0.01


Tree=26
num_leaves=31
num_cat=0
split_feature=0 3 3 3 5 0 7 0 3 5 7 3 3 5 0 5 5 3 3 3 2 3 5 0 3 1 5 3 1 5
split_gain=658.126 474.601 424.684 214.326 296.608 267.969 163.921 140.166 139.566 150.676 131.807 107.737 92.0981 80.4543 72.6922 62.0269 50.9648 41.4064 37.9844 67.4927 37.7616 37.4792 209.763 36.6426 47.6743 115.325 53.0571 48.5935 40.9663 40.7769
threshold=2.046269536018372 13.958333492279055 12.250000000000002 10.125000000000002 1.9111629128456118 4.9151818752288827 1.2789546251296999 1.3698213100433352 12.250000000000002 2.2798637151718144 2.217389822006226 10.041666507720949 13.458333492279055 1.8045546412467959 2.7203367948532109 0.87293735146522533 1.9491605758666994 9.6250000000000018 10.541666507720949 10.375000000000002 -2.0941592454910274 9.791666507720949 1.6152067780494692 0.15436714887619021 10.791666507720949 -2.2182196378707881 0.4066296666860581 11.041666507720949 -1.7698792219161985 0.91928085684776317
decision_type=2 2 2 2 2 2 2 2 2 2 2 2 2 2 2 2 2 2 2 2 2 2 2 2 2 2 2 2 2 2
left_child=2 3 6 4 11 8 7 17 14 12 13 -2 15 -4 -5 -10 -3 -1 19 -7 -17 22 -19 -23 26 27 -25 -26 -28 -27
right_child=1 16 10 5 -6 18 -8 -9 9 -11 -12 -13 -14 -15 -16 20 -18 21 -20 -21 -22 23 -24 24 25 29 28 -29 -30 -31
leaf_value=0.0079206981593105026 0.012331367506262193 0.019440912146471361 0.015580383424449494 0.0077803661341955864 0.0069947030467500601 0.0026968283438088946 0.0044776584994722568 0.0097206520443379879 0.019024243218142264 0.0041430714630903802 0.0061167192295828177 0.024756403326668761 0.0087996619208112435 0.012853164059662888 0.0042372663448439658 0.0077156200611540743 0.012420641028971809 0.017383256573139709 0.002205568326239683 -0.0081880200679077392 0.015408893229258605 0.013573279876630713 0.00831484189330935 0.015212235533324054 0.0014044083352727826 0.010196452813594992 0.013025544660382209 0.0087050130454388776 0.011120280750521801 0.013084405988368858
leaf_weight=236.87414599955082 117.76321324706078 374.83655467629433 4301.3756601661444 1197.6203049570322 422.67523729801178 102.1969933360815 334.8335232436657 3125.8778598755598 230.99788807332516 309.63610887527466 180.08572740852833 185.98757039010525 430.57949806749821 1507.4799294769764 1143.9497108161449 126.64888235926628 155.12241722643375 694.50161203742027 275.52114637196064 126.25526550412178 140.98182053864002 1371.9291720688343 409.75686411559582 574.14626082777977 168.92006884515285 1137.7045248448849 2064.6361987739801 203.03282517194748 2758.3156406134367 925.57083928585052
leaf_count=810 378 849 11344 4439 1616 456 1342 10646 577 1248 679 351 1462 4514 4788 449 499 1712 1234 729 404 4144 1403 1574 700 3708 6291 692 8747 2833
internal_value=0.0115457 0.0084226 0.0123794 0.0074299 0.0124429 0.00653567 0.0114236 0.0115932 0.00749658 0.0102179 0.0146127 0.0199839 0.0122334 0.0148747 0.00605283 0.0151768 0.0174091 0.0121473 -0.000281749 -0.00330164 0.0118081 0.0122435 0.0140281 0.0120281 0.011756 0.0105707 0.0122888 0.00540925 0.0119382 0.0114972
internal_weight=25335.8 5340.77 19995 4810.81 726.426 4084.39 14006.1 13671.3 3580.41 1238.84 5988.94 303.751 929.208 5808.86 2341.57 498.629 529.959 10545.4 503.973 228.452 267.631 10308.5 1104.26 9204.26 7832.33 2435.23 5397.1 371.953 4822.95 2063.28
internal_count=80618 19479 61139 18131 2345 15786 44602 43260 13367 4140 16537 729 2892 15858 9227 1430 1348 32614 2419 1185 853 31804 3115 28689 24545 7933 16612 1392 15038 6541
is_linear=0
shrinkage=0.01


Tree=27
num_leaves=31
num_cat=0
split_feature=0 3 3 3 5 0 7 0 3 5 7 3 3 5 0 5 5 3 3 3 2 3 5 0 0 3 1 5 3 1
split_gain=636.21 459.073 410.499 207.708 286.193 260.896 158.729 135.583 135.454 145.973 127.336 103.369 88.8468 77.6839 70.6271 59.5937 49.1225 39.979 37.2627 66.5007 36.4182 36.2897 202.43 35.6937 35.2473 46.0171 111.609 51.2057 47.2836 39.4568
threshold=2.046269536018372 13.958333492279055 12.250000000000002 10.125000000000002 1.9111629128456118 4.9151818752288827 1.2789546251296999 1.3698213100433352 12.250000000000002 2.2798637151718144 2.217389822006226 10.041666507720949 13.458333492279055 1.8045546412467959 2.7203367948532109 0.87293735146522533 1.9491605758666994 9.6250000000000018 10.541666507720949 10.375000000000002 -2.0941592454910274 9.791666507720949 1.6152067780494692 3.7234166860580449 0.15436714887619021 10.791666507720949 -2.2182196378707881 0.4066296666860581 11.041666507720949 -1.7698792219161985
decision_type=2 2 2 2 2 2 2 2 2 2 2 2 2 2 2 2 2 2 2 2 2 2 2 2 2 2 2 2 2 2
left_child=2 3 6 4 11 8 7 17 14 12 13 -2 15 -4 -5 -10 -3 -1 19 -7 -17 22 -19 -18 -23 27 28 -26 -27 -29
right_child=1 16 10 5 -6 18 -8 -9 9 -11 -12 -13 -14 -15 -16 20 23 21 -20 -21 -22 24 -24 -25 25 26 -28 29 -30 -31
leaf_value=0.0078136065666695766 0.012138160985911533 0.019097943690490782 0.015324884562458599 0.0076731115430424312 0.0069006643496992816 0.0026661224828488715 0.0044230221261635444 0.0095795284179993421 0.018679035523691215 0.004093221594520061 0.0060378040940991242 0.024267023211661898 0.0086766906049643086 0.01265239388268303 0.0041856715806257569 0.0076112395659661807 0.015622778433743281 0.017087334192537676 0.0021809708281010773 -0.0081455464341878923 0.015149668830439356 0.013354807441555412 0.0082004864930173022 0.0052404291891000251 0.014962276447728455 0.00138945274464096 0.011322982311523892 0.012819451977168991 0.0085837509692967256 0.01095406411329853
leaf_weight=237.72203902900219 118.4457950592041 377.74647648632526 4329.2245390713215 1202.2007665336132 424.15022264420986 102.34527590870857 335.58231456577778 3140.1433240622282 232.9137649834156 310.27583919465542 180.61891749501228 187.84150221943855 432.3133991509676 1516.0511999279261 1146.4635548442602 127.10642433166504 104.0723030269146 699.44731512665749 275.84624923765659 125.65011441707611 141.96376042068005 1380.3940688818693 411.31526525318623 51.956906720995903 577.8898352086544 169.03567296266556 2074.0413894206285 2076.7963627129793 203.84498852491379 2772.1060626357794
leaf_count=810 378 849 11344 4439 1616 456 1342 10646 577 1248 679 351 1462 4514 4788 449 301 1712 1234 729 404 4144 1403 198 1574 700 6541 6291 692 8747
internal_value=0.0113718 0.00830646 0.0121888 0.00733017 0.0122509 0.00645028 0.0112511 0.0114173 0.00739514 0.0100692 0.0143774 0.0196203 0.0120452 0.0146337 0.00597415 0.0149248 0.0171116 0.0119607 -0.000278899 -0.00327518 0.0116279 0.0120549 0.0138062 0.0122252 0.0118434 0.011577 0.0104149 0.0120991 0.00534202 0.0117553
internal_weight=25465.5 5361.29 20104.2 4827.52 730.438 4097.08 14078.3 13742.7 3593.24 1244.57 6025.89 306.287 934.297 5845.28 2348.66 501.984 533.776 10602.6 503.842 227.995 269.07 10364.9 1110.76 156.029 9254.11 7873.71 2446.92 5426.79 372.881 4848.9
internal_count=80618 19479 61139 18131 2345 15786 44602 43260 13367 4140 16537 729 2892 15858 9227 1430 1348 32614 2419 1185 853 31804 3115 499 28689 24545 7933 16612 1392 15038
is_linear=0
shrinkage=0.01


Tree=28
num_leaves=31
num_cat=0
split_feature=4 0 0 4 5 4 2 5 0 5 7 2 0 7 0 4 0 0 4 4 7 4 4 0 5 1 4 2 2 5
split_gain=962.823 418.015 311.029 231.739 141.791 142.977 139.057 168.646 80.6269 76.8126 71.0969 63.401 53.5176 52.9947 48.5543 48.0106 47.6465 46.5763 41.453 40.1736 39.7473 39.1929 38.861 35.0817 34.9475 34.6382 34.3943 31.4328 31.2189 28.9788
threshold=0.082300893962383284 2.2102961540222172 1.7100844383239748 0.11451862379908563 1.8222092986106875 0.067371033132076277 -4.9184298515319815 1.8931633830070498 6.7908813953399667 0.66675010323524486 1.520594120025635 -2.1495457887649532 0.60091030597686779 -0.71346202492713917 0.40816906094551092 0.088655754923820509 4.7372751235961923 1.035481929779053 0.059718759730458267 0.075427576899528517 1.520594120025635 0.1872094199061394 0.072181031107902541 -0.96085029840469349 3.2377523183822636 -5.4156103134155265 0.06013396009802819 -2.0486187934875484 -1.5434033870697019 0.47918549180030828
decision_type=2 2 2 2 2 2 2 2 2 2 2 2 2 2 2 2 2 2 2 2 2 2 2 2 2 2 2 2 2 2
left_child=1 4 3 12 5 18 8 -8 19 14 13 -7 20 17 -5 -14 27 -6 -1 -3 -2 23 24 -11 -9 -15 -20 -4 -25 -13
right_child=2 6 16 9 10 11 7 22 -10 21 -12 29 15 25 -16 -17 -18 -19 26 -21 -22 -23 -24 28 -26 -27 -28 -29 -30 -31
leaf_value=0.015582195720291498 0.012727433404961047 0.0080131685840110298 0.0051077762742057524 0.0088509479451625798 0.01174110962285509 0.010658824784975254 0.012751439549323861 0.010423390413940768 -0.0019676658369322049 0.012796627107788693 0.0058430736716575679 0.015691012099941226 0.012256133653723553 0.0047777860813323879 0.00084638431842138848 0.0092154355719929245 0.00091270008894748546 0.0071259058741600127 0.00983623044103029 0.0013557377522902354 0.0046657977258357172 0.00092848983117587857 0.0034073782182144179 0.0073908497566831186 0.0056302561265117569 0.013080814684586472 0.014238421071573765 0.0078662843517558929 0.013569182378330942 0.012775478544284695
leaf_weight=3477.5197258740664 1632.2657805681229 659.36889541149139 1551.2706250399351 103.23443287611008 565.29643401503563 1437.8583768010139 1423.3124511688948 361.88409002125263 111.59965735673904 155.40087741613388 212.98169313371181 466.90758714079857 753.38275471329689 54.349088549613953 288.17734050750732 1850.5118489265442 216.78336623311043 374.76406268775463 201.31381185352802 107.49393652379513 66.38686440885067 79.161210253834724 217.3612909913063 1500.5933108478785 277.35210165381432 1893.4452657997608 3168.8353535532951 581.09373879432678 89.150968953967094 1713.3039205819368
leaf_count=9096 4868 2531 6143 367 1726 4483 4263 1231 557 484 804 1215 2289 194 1213 6151 997 1317 616 472 252 334 883 5446 1091 5568 8696 2118 277 4936
internal_value=0.0112021 0.0126152 0.00853552 0.00966101 0.0133793 0.0139393 0.00933027 0.0106361 0.0059314 0.00702426 0.0114857 0.012317 0.0110167 0.011899 0.00297894 0.0100993 0.00540906 0.0099113 0.0147947 0.00708798 0.0124168 0.00788841 0.00711003 0.00820089 0.00835758 0.012853 0.0139784 0.00586351 0.00774462 0.0134056
internal_weight=25592.4 16724.9 8867.41 6518.27 13566.6 10465.7 3158.37 2279.91 878.462 2215.72 3100.84 3618.07 4302.55 2887.85 391.412 2603.89 2349.15 940.06 6847.67 766.863 1698.65 1824.31 856.597 1745.15 639.236 1947.79 3370.15 2132.36 1589.74 2180.21
internal_count=80618 49679 30939 21681 38651 29042 11028 7468 3560 8121 9609 10634 13560 8805 1580 8440 9258 3043 18408 3003 5120 6541 3205 6207 2322 5762 9312 8261 5723 6151
is_linear=0
shrinkage=0.01


Tree=29
num_leaves=31
num_cat=0
split_feature=4 0 0 4 5 4 2 5 6 0 5 7 2 0 7 0 4 0 4 4 4 7 4 5 0 4 5 2 6 6
split_gain=931.842 404.351 301.814 224.498 137.056 137.922 134.837 163.468 81.9257 78.5901 74.6376 68.8202 61.2596 51.703 51.1572 47.2999 46.407 45.0779 39.9047 39.0375 38.6454 38.5915 38.0948 36.9282 33.93 33.1383 30.6897 33.5362 30.4009 34.4866
threshold=0.082300893962383284 2.2102961540222172 1.7100844383239748 0.11451862379908563 1.8222092986106875 0.067371033132076277 -4.9184298515319815 1.7381622791290285 -1.5212589502334593 6.7908813953399667 0.66675010323524486 1.520594120025635 -2.1495457887649532 0.60091030597686779 -0.71346202492713917 0.40816906094551092 0.088655754923820509 1.035481929779053 0.059718759730458267 0.075427576899528517 0.072181031107902541 0.63245728611946117 0.1872094199061394 3.2377523183822636 -0.96085029840469349 0.06013396009802819 5.4922752380371103 -2.071097612380981 -0.98241633176803578 -0.028405769728124138
decision_type=2 2 2 2 2 2 2 2 2 2 2 2 2 2 2 2 2 2 2 2 2 2 2 2 2 2 2 2 2 2
left_child=1 4 3 13 5 18 9 -8 -4 19 15 14 -7 21 17 -5 -15 -6 -1 -3 23 -2 24 -9 -12 -20 27 -10 -26 -30
right_child=2 6 8 10 11 12 7 20 26 -11 22 -13 -14 16 -16 -17 -18 -19 25 -21 -22 -23 -24 -25 28 -27 -28 -29 29 -31
leaf_value=0.015327594410991701 0.012825739393339187 0.0079009913622687215 0.00051364381440648934 0.0087257566973482012 0.011563944911980817 0.01050330789777338 0.012736354699033692 0.010295379932273592 0.0056229071828071816 -0.0019501842829149571 0.012594599865699947 0.0057684827914832523 0.013197090843836466 0.012067955917215708 0.012653210028994095 0.00083758810195859706 0.0090853241047675528 0.0070317180582509199 0.0096983628326136467 0.0013413061206688931 0.0037502423492082938 0.0083061398370383541 0.0009188431818238377 0.0055583309321387709 0.003525768293978855 0.014012480950251904 0.0025497022018907819 0.0086622521425616123 0.01011271444461604 0.0068649394211898977
leaf_weight=3499.8255062997341 1479.0712960958481 662.03678642213345 308.00698852539062 103.67336094379425 568.21030862629414 1444.5300226211548 1339.7541348785162 435.04819512367249 1299.4644327014685 111.47913703322411 156.31805004179478 213.58177715539932 2192.4674078226089 757.46612346172333 1958.7197456508875 288.29635269939899 1858.2111008167267 375.98657786846161 202.13677354156971 107.5689991414547 237.87170606851578 228.8454332947731 79.197453826665878 278.13415215909481 166.42987962067127 3187.6433757096529 226.61482582986355 521.32313048839569 546.36415253579617 882.79564960300922
leaf_count=9096 4349 2531 1393 367 1726 4483 3960 1462 5056 557 484 804 6151 2289 5762 1213 6151 1317 616 472 955 771 334 1091 666 8696 969 1840 1851 3206
internal_value=0.0110361 0.012422 0.00841719 0.00952281 0.0131709 0.0137197 0.00919749 0.0104795 0.00534073 0.00585454 0.00693108 0.0113135 0.0121301 0.0108533 0.0117187 0.00294515 0.00995311 0.00976915 0.0145572 0.00699209 0.00729 0.0122257 0.00778055 0.00846017 0.00808754 0.0137582 0.00606417 0.00649801 0.00763905 0.00811316
internal_weight=25717.1 16815 8902.08 6546.67 13643.1 10526.6 3171.89 2290.81 2355.41 881.085 2223.07 3116.5 3637 4323.59 2902.92 391.97 2615.68 944.197 6889.61 769.606 951.054 1707.92 1831.11 713.182 1751.91 3389.78 2047.4 1820.79 1595.59 1429.16
internal_count=80618 49679 30939 21681 38651 29042 11028 7468 9258 3560 8121 9609 10634 13560 8805 1580 8440 3043 18408 3003 3508 5120 6541 2553 6207 9312 7865 6896 5723 5057
is_linear=0
shrinkage=0.01


Tree=30
num_leaves=31
num_cat=0
split_feature=0 3 3 3 5 0 0 3 5 3 5 3 5 7 5 3 2 5 6 3 6 5 7 3 0 7 6 3 3 3
split_gain=603.344 392.489 352.236 154.534 327.412 209.133 146.634 136.771 133.681 106.796 101.632 97.7548 206.422 91.9766 86.4587 112.679 73.9409 60.7138 57.2177 53.7464 49.4314 49.2948 71.0244 64.7111 47.6427 47.2103 50.6233 64.5832 67.7038 48.7207
threshold=2.0087864398956303 13.958333492279055 12.250000000000002 10.125000000000002 2.3032757043838505 3.7234166860580449 0.93632212281227123 10.625000000000002 2.0079398155212407 10.041666507720949 2.990659356117249 10.625000000000002 0.75248152017593395 1.3910407423973086 1.516209661960602 12.250000000000002 -3.0301606655120845 1.9880210161209109 -0.78194311261177052 13.458333492279055 -1.6493215560913084 0.72401925921440136 0.46333697438240057 13.375000000000002 3.2768687009811406 -0.2657481580972671 0.87632191181182872 11.041666507720949 11.125000000000002 10.791666507720949
decision_type=2 2 2 2 2 2 2 2 2 2 2 2 2 2 2 2 2 2 2 2 2 2 2 2 2 2 2 2 2 2
left_child=2 3 6 4 9 14 13 17 21 -2 -3 12 -8 25 15 -5 -13 -7 -10 -17 -16 23 -23 -4 -11 26 -1 29 -29 -28
right_child=1 10 8 5 -6 7 11 -9 18 24 -12 16 -14 -15 20 19 -18 -19 -20 -21 -22 22 -24 -25 -26 -27 27 28 -30 -31
leaf_value=0.013535564767631188 0.011806376704114094 0.017604035843661325 0.018271019880771101 0.0070605645049556633 0.0046038976047313033 -0.0038599329169655356 0.014946094197136597 0.0058160545884590074 0.0087065710224197776 0.016104937066494768 0.0043838045094752439 0.0048161651909822386 0.009535112838754781 0.00087301756351539962 0.00025188008682568781 0.014687448889455675 0.0091108463417565577 0.0036498462550595065 0.012838092264477503 0.0090619155279136141 0.0064812766101035946 0.014961346830587923 0.011587496778037403 0.0143674579621022 0.026263172432360836 0.011100969925074337 0.010834545840164689 0.025331378501188918 0.011183355958571353 0.0036236243785201195
leaf_weight=2611.1428607851267 175.13441184163094 487.83080863952637 714.05384573340416 1036.4249149113894 375.29562802612782 323.70548352599144 931.8489083647728 584.48023326694965 617.17618432641029 81.399205386638641 67.641931280493736 491.85881760716438 2989.3974927812815 76.667361348867416 142.53668269515038 403.30694527924061 2357.9944553822279 160.16786746680737 782.12405002117157 311.69293762743473 1350.9422816038132 1720.3631623536348 1029.2471129447222 1167.4369605779648 133.17737451195717 3479.5529083460569 926.07442212104797 61.408697456121445 82.353997319936752 107.36415046453476
leaf_count=7403 556 1139 1614 3811 1487 1667 2492 2330 2033 210 262 1848 9712 323 632 1090 7799 708 2237 999 5077 4411 2992 3009 211 10617 2894 118 250 421
internal_value=0.0109192 0.00802193 0.0117289 0.00714586 0.0112978 0.00640709 0.0108618 0.00256095 0.0137566 0.017717 0.0160085 0.00979357 0.010824 0.0118452 0.00767126 0.00918489 0.00837235 -0.00136258 0.0110232 0.0122501 0.00589038 0.0145802 0.0137026 0.015856 0.0224793 0.0119602 0.0127466 0.0109872 0.0173282 0.0100924
internal_weight=25779.8 5633.74 20146.1 5078.26 765.007 4313.26 14115.7 1068.35 6030.4 389.711 555.473 6771.1 3921.25 7344.56 3244.9 1751.42 2849.85 483.873 1399.3 715 1493.48 4631.1 2749.61 1881.49 214.577 7267.9 3788.34 1177.2 143.763 1033.44
internal_count=80352 20179 60173 18778 2464 16314 43877 4705 16296 977 1401 21851 12204 22026 11609 5900 9647 2375 4270 2089 5709 12026 7403 4623 421 21703 11086 3683 368 3315
is_linear=0
shrinkage=0.01


Tree=31
num_leaves=31
num_cat=0
split_feature=4 0 0 5 2 4 4 5 7 5 6 5 6 4 7 0 0 0 6 7 6 6 5 5 4 4 4 7 6 5
split_gain=880.583 526.407 198.327 169.281 152.815 133.181 126.241 101.8 78.155 62.9391 57.2338 51.6441 48.3077 46.791 45.7078 42.6301 42.158 40.1669 63.9506 36.6282 36.3333 36.0479 35.7747 34.7379 33.6387 33.5727 33.2317 33.2045 32.5122 31.623
threshold=0.093117710202932372 2.0275729894638066 1.2855673432350161 2.854958295822144 -5.0185384750366202 0.11914885789155961 0.06444143503904344 1.369482755661011 1.7952762246131899 2.2045190334320073 1.0480365157127383 0.34396024048328405 -1.0224284529685972 0.071762368083000197 0.087008468806743636 0.51599961519241344 0.88278231024742138 3.7234166860580449 -3.0037105083465572 0.86798524856567394 -2.0220066308975215 -2.0220066308975215 0.78912624716758739 0.85666185617446911 0.080767352133989348 0.1872094199061394 0.14935258030891421 1.1187126636505129 -1.1517177224159239 1.313592851161957
decision_type=2 2 2 2 2 2 2 2 2 2 2 2 2 2 2 2 2 2 2 2 2 2 2 2 2 2 2 2 2 2
left_child=1 6 5 4 11 14 10 13 -4 16 20 -3 -9 -6 -2 -12 -8 21 -19 23 -1 -13 -16 -7 28 26 -25 -20 29 -18
right_child=2 3 8 -5 7 19 9 12 -10 -11 15 17 -14 -15 22 -17 24 18 27 -21 -22 -23 -24 25 -26 -27 -28 -29 -30 -31
leaf_value=0.0089453850719099851 0.011446086198031167 -0.0050254376146985896 0.0057441346567060018 0.0047377418801125967 0.013564391677680856 0.0046677149994850189 0.01313420925803247 0.0043680939056039191 -0.00036304177020703257 0.010081341320100317 0.013661234841941171 0.017635548675956986 0.0095883881532026916 0.009717744273336739 0.0044938582110354963 0.0081469936479480615 0.018143153305560752 -0.0053471038520685804 0.0050613631518984107 0.0016131180116992635 0.014072680802855449 0.0078921132473118369 0.0096102994601018638 0.0072308990116546736 0.0098825241387365901 -0.00023050133027964739 0.011348627261560973 0.014530663989349392 0.01175986118624899 0.0092703757908795155
leaf_weight=150.3015650510788 1486.5844316035509 39.496249750256538 2081.7575706243515 858.89689834415913 1155.7166099399328 432.58651931583881 3150.9676378965378 231.65375980734825 231.22712703049183 1687.8264285326004 262.52123413980007 45.020004794001579 835.18838129937649 461.12673982977867 184.91590064764023 325.36621284484863 165.19138263165951 55.276125252246857 389.93774721026421 137.47605058550835 6190.2685065716505 291.9995199739933 591.84903559088707 662.72152327001095 975.15946723520756 44.960964977741241 292.31514270603657 41.472904592752457 2380.3223350942135 58.983454391360283
leaf_count=482 4503 194 7921 3409 3234 1657 8736 888 1057 5342 727 133 2757 1472 658 1077 404 312 1617 563 16427 1069 1909 2346 3076 192 957 130 6912 191
internal_value=0.01076 0.0117892 0.00745111 0.0087366 0.00970273 0.00884855 0.0126649 0.0108827 0.0051315 0.0118347 0.013672 0.00602408 0.00846212 0.0124738 0.0104058 0.0106274 0.0122728 0.00656269 0.00469594 0.00659787 0.0139526 0.00923268 0.00840239 0.00707201 0.0115114 0.00810423 0.00850175 0.00599902 0.0121174 0.0158567
internal_weight=25899.1 19752.7 6146.39 4405.78 3546.89 3833.41 15346.9 2683.69 2312.98 8418.45 6928.46 863.203 1066.84 1616.84 2263.35 587.887 6730.62 823.706 486.687 1570.06 6340.57 337.02 776.765 1432.58 3579.66 999.998 955.037 431.411 2604.5 224.175
internal_count=80352 58589 21763 15215 11806 12785 43374 8351 8978 24661 18713 3455 3645 4706 7070 1804 19319 3261 2059 5715 16909 1202 2567 5152 10583 3495 3303 1747 7507 595
is_linear=0
shrinkage=0.01


Tree=32
num_leaves=31
num_cat=0
split_feature=4 3 5 2 3 7 5 3 7 3 5 2 4 3 5 3 5 4 3 3 7 5 3 7 2 1 5 7 7 7
split_gain=853.383 407.92 285.365 255.134 228.125 220.947 177.588 161.006 136.72 131.326 199.823 125.354 125.098 115.863 110.798 109.704 105.333 101.618 99.0793 97.9253 80.6984 76.0435 67.3262 62.4933 72.012 61.548 59.5889 56.9819 56.3972 54.7176
threshold=0.093117710202932372 12.250000000000002 2.0079398155212407 -6.2518820762634268 9.791666507720949 1.2789546251296999 1.5436081290245058 13.041666507720949 1.7952762246131899 10.708333492279055 1.6601785421371462 -2.2180187702178951 0.11093043908476831 10.291666507720949 1.1317080259323122 13.958333492279055 0.61020955443382274 0.055379677563905723 13.291666507720949 10.625000000000002 1.2463492155075075 0.57387807965278637 10.708333492279055 0.078792389482259764 -5.4648051261901847 -1.1405836343765257 0.67428016662597667 2.113649964332581 0.95014622807502758 0.4072148352861405
decision_type=2 2 2 2 2 2 2 2 2 2 2 2 2 2 2 2 2 2 2 2 2 2 2 2 2 2 2 2 2 2
left_child=1 3 15 13 6 9 -2 12 25 10 17 16 23 -1 -14 18 -11 -5 26 -15 -20 -19 -21 24 -6 -9 -3 -4 -16 -23
right_child=4 2 27 5 7 -7 -8 8 -10 11 -12 -13 14 19 28 -17 -18 21 20 22 -22 29 -24 -25 -26 -27 -28 -29 -30 -31
leaf_value=0.011280678685313864 0.017729020641577994 0.018669748961909555 0.010568998426834132 0.018256275396481163 -0.0022865232751125811 0.004422068326390409 0.0074193393422237646 0.011436100818182178 0.0011402908880494196 0.0038080582942971019 0.0097152294415716722 0.011234288740468522 0.00073952993341557373 -0.0011102064388176897 0.0063733700683030704 0.017449845786703496 0.0092696988541191398 0.014823411411977469 0.013367838664321159 0.015824239060698356 0.0075035550141713337 0.012445234120900895 0.0035510188458502518 0.0049873881996273716 0.0094527715742899008 0.0064937845568540662 0.014352089827033246 0.0048742085643933208 1.2808472976739939e-05 0.0085756103925830537
leaf_weight=200.55855280160904 354.63996140658855 559.34123355150223 1184.7374211847782 368.92746593058109 53.992810741066933 500.3933320492506 322.15987786650658 1130.3107763528824 184.27434794604778 483.78687587380409 2548.8859262317419 2728.3323719650507 737.15522487461567 319.20193082094193 1146.6215154081583 1241.2234928309917 1354.4975581020117 1323.8312036991119 2011.0016863495111 68.411626219749451 272.88566283881664 3072.7823400348425 132.65782262384892 654.69464993476868 1088.4327432215214 334.3840150386095 834.98720732331276 211.93930168449879 160.48188212513924 430.76844264566898
leaf_count=644 810 1188 3582 842 246 1956 1143 3405 788 1794 8179 8149 3107 1595 4320 2719 4488 3425 5295 219 915 8706 548 2464 3587 1172 2158 825 721 1362
internal_value=0.0106043 0.0116144 0.0137168 0.0106323 0.00735171 0.0109583 0.012838 0.00667339 0.00929234 0.0112234 0.0120208 0.00986861 0.00554681 0.00482645 0.00384819 0.0148522 0.00783649 0.0131497 0.013972 0.00232037 0.0126711 0.0127566 0.00778054 0.00747463 0.00889282 0.0103138 0.0160938 0.00971047 0.00559657 0.0119722
internal_weight=26016.3 19849.2 6316.12 13533 6167.15 12812.2 676.8 5490.35 1648.97 12311.8 7745.2 4566.62 3841.38 720.83 2044.26 4919.44 1838.28 5196.31 3678.22 520.271 2283.89 4827.38 201.069 1797.12 1142.43 1464.69 1394.33 1396.68 1307.1 3503.55
internal_count=80352 58589 16682 41907 21763 38901 1953 19810 5365 36945 22514 14431 14445 3006 8148 12275 6282 14335 9556 2362 6210 13493 767 6297 3833 4577 3346 4407 5041 10068
is_linear=0
shrinkage=0.01


Tree=33
num_leaves=31
num_cat=0
split_feature=4 3 2 3 7 3 7 7 3 3 4 2 7 3 4 3 1 1 3 3 7 1 1 4 2 4 3 7 3 2
split_gain=827.281 395.489 247.401 221.333 214.272 156.43 141.08 132.805 127.158 126.443 121.695 121.491 115.677 112.608 107.594 95.5591 90.6031 69.0802 68.1395 65.086 61.0804 59.6028 56.4152 53.7192 52.6091 49.6344 48.3299 47.5882 47.0373 54.8111
threshold=0.093117710202932372 12.250000000000002 -6.2518820762634268 9.791666507720949 1.2789546251296999 13.041666507720949 1.2463492155075075 1.7952762246131899 10.708333492279055 14.041666507720949 0.11093043908476831 -2.2180187702178951 -1.1800796389579771 10.291666507720949 0.059718759730458267 10.625000000000002 -1.778774559497833 -2.5791405439376827 13.125000000000002 10.708333492279055 1.7952762246131899 -1.1405836343765257 -2.9439132213592525 0.12895584851503375 -1.6197668910026548 0.068446245044469847 10.958333492279055 -0.64666977524757374 10.791666507720949 -3.5296815633773799
decision_type=2 2 2 2 2 2 2 2 2 2 2 2 2 2 2 2 2 2 2 2 2 2 2 2 2 2 2 2 2 2
left_child=1 2 13 12 8 10 9 21 14 22 20 26 -2 -1 27 -15 -12 -14 -8 -17 -5 23 -3 -7 -18 -13 28 -4 -10 -30
right_child=3 6 4 5 -6 7 18 -9 11 -11 16 25 17 15 -16 19 24 -19 -20 -21 -22 -23 -24 -25 -26 -27 -28 -29 29 -31
leaf_value=0.011110896761538274 0.0062067255933347769 0.00995343871155842 0.01133785880277805 0.007700521722602373 0.0043684806094707969 0.012607767153552043 0.015419831149757757 0.0011282727783917671 0.008921342489231843 0.017538532703302041 0.0058875177867547682 0.012149522128040512 0.0055465281185634744 -0.0010998088283050442 0.011125954745363388 0.015543113856522562 0.00041877254847922258 0.016825329027278856 0.0089046156716192371 0.0035093269004922018 -0.0029598391576620593 0.006410222507057587 0.013835996888044702 0.007643982518350574 0.0058354446898560277 0.0093379444662052332 0.0090520494343361031 0.014780230094283881 -0.0014809846769839206 0.0060249686057276429
leaf_weight=201.58939237892628 200.72945672273636 431.60257545113564 587.69433026015759 1748.7084177583456 501.46699443459511 826.9961079210043 202.29597727954388 184.37962889671326 281.83262707293034 938.16587746143341 1033.6791924983263 1684.4742711186409 64.800714179873466 319.00319337844849 5711.7806773781776 68.958740711212158 781.17811018228531 414.76730117201805 860.32776832580566 132.89623475074768 54.515384361147881 335.35711738467216 3916.8019089996815 308.84240382909775 233.2185527831316 1056.7588488161564 1113.4143645167351 1484.1219987124205 140.18956789374352 309.33038495481014
leaf_count=644 722 1269 1720 6039 1956 2356 526 788 943 2032 3942 4806 236 1595 17004 219 3327 995 2812 548 258 1172 10043 1049 879 3343 3639 3790 598 1102
internal_value=0.0104524 0.0114441 0.0104789 0.0072546 0.0107989 0.00658679 0.0135087 0.00916263 0.011059 0.0141805 0.00547716 0.00972847 0.0126443 0.00476762 0.0118416 0.00229467 0.00380262 0.0153191 0.0101563 0.00767333 0.00737473 0.0101654 0.013453 0.0112664 0.0016713 0.0110694 0.00773078 0.0138091 0.00570763 0.00367397
internal_weight=26129.9 19942.7 13593.5 6187.17 12871.1 5506.87 6349.19 1655.58 12369.6 5286.57 3851.3 4586 680.297 722.448 7783.6 520.858 2048.08 479.568 1062.62 201.855 1803.22 1471.2 4348.4 1135.84 1014.4 2741.23 1844.77 2071.82 731.353 449.52
internal_count=80352 58589 41907 21763 38901 19810 16682 5365 36945 13344 14445 14431 1953 3006 22514 2362 8148 1231 3338 767 6297 4577 11312 3405 4206 8149 6282 5510 2643 1700
is_linear=0
shrinkage=0.01


Tree=34
num_leaves=31
num_cat=0
split_feature=0 5 1 7 0 5 6 6 5 0 0 6 7 7 7 5 5 7 5 6 7 1 7 5 6 7 5 6 6 1
split_gain=549.143 201.846 168.212 112.644 94.818 89.8655 66.1613 64.6419 57.3692 48.8585 41.7754 39.0333 36.9233 35.0505 35.014 34.7167 34.6348 31.1884 29.3905 28.512 26.0089 28.1433 23.964 22.8439 22.0605 23.8668 24.5676 21.27 21.1355 20.8097
threshold=2.0087864398956303 1.5305715799331667 -3.6653110980987544 1.2789546251296999 0.88278231024742138 1.1602789759635928 -1.6986312270164488 0.72150555253028881 0.53817403316497814 5.3513967990875253 -2.705777525901794 -2.0220066308975215 0.86798524856567394 1.2463492155075075 -0.71346202492713917 3.6546157598495488 0.36309888958930975 -0.25664575397968287 0.16707763075828555 -0.58000341057777394 0.86798524856567394 -1.2896172404289243 -0.66018259525299061 0.65276393294334423 0.35848820209503179 -0.2736478298902511 0.99311766028404247 -0.91649028658866871 -0.3392354398965835 -1.7610118389129636
decision_type=2 2 2 2 2 2 2 2 2 2 2 2 2 2 2 2 2 2 2 2 2 2 2 2 2 2 2 2 2 2
left_child=3 2 9 4 10 7 -3 18 -5 11 -1 -2 -12 24 -9 29 -13 -16 -6 -18 28 -22 -7 -15 25 -4 -27 -23 -20 -8
right_child=1 6 13 8 5 22 15 14 -10 -11 12 16 -14 23 17 -17 19 -19 20 -21 21 27 -24 -25 -26 26 -28 -29 -30 -31
leaf_value=0.0069498388218617417 0.012968043936082835 0.0016803623837866734 0.014065769957314147 0.016344402596466155 0.0052262588989759415 0.008214924989478645 0.0057314960913781464 0.0097127539545500755 0.0071431726493285845 -0.00076053665907036341 0.012147908981467805 -0.0036114248748971094 0.0088212588270608228 0.012264575843770624 -0.00084766831194615574 0.0045170875994914005 0.00032693711474778817 0.0082947306822253597 0.010642936052557426 0.0073915295616328773 0.017523302097322425 0.0062399689461906174 0.009921203004413761 0.0066110551601729437 0.0088730313402630798 0.012285264180346778 0.0091438036388430937 0.013778947608293879 0.012139818360046522 0.0080115480707819067
leaf_weight=172.21497714519501 72.660195201635361 363.47253404557705 384.78523667156696 73.930181920528412 72.30342498421669 1206.9120223671198 715.12287360429764 275.48980635404587 953.89706555008888 126.52461414039135 9305.2508977204561 41.381768420338631 364.30301700532436 98.387698099017143 75.327046245336533 796.6295452862978 73.51017852127552 71.6107527166605 1601.1627236306667 282.60108114778996 171.13357174396515 55.130396366119385 3124.1347735971212 309.4577169418335 328.77528691291809 681.6962428689003 436.45949164032936 151.40437261760235 2847.0973467379808 1008.5791754573584
leaf_count=554 251 1580 1055 185 243 3972 2701 858 3303 628 26190 195 1123 294 300 3168 313 230 4688 1060 411 179 9638 1067 1078 1926 1367 395 7904 3496
internal_value=0.0103038 0.00755963 0.00945699 0.0110682 0.0112392 0.0105279 0.00569052 0.0114051 0.00781749 0.00471825 0.0119356 0.00620253 0.0120236 0.010716 0.00760055 0.00626642 0.00493851 0.00358703 0.0117314 0.00594975 0.0118273 0.0144322 0.00944788 0.00800049 0.0113155 0.0118433 0.0110681 0.0118106 0.0116034 0.00707045
internal_weight=26241.3 5720.04 2836.24 20521.3 19493.5 9651.71 2883.8 5320.66 1027.83 596.678 9841.77 470.153 9669.55 2239.56 422.428 2520.33 397.493 146.938 4898.23 356.111 4825.93 377.668 4331.05 407.845 1831.72 1502.94 1118.16 206.535 4448.26 1723.7
internal_count=80352 20179 9234 60173 56685 28818 10945 15208 3488 2447 27867 1819 27313 6787 1388 9365 1568 530 13820 1373 13577 985 13610 1361 5426 4348 3293 574 12592 6197
is_linear=0
shrinkage=0.01


Tree=35
num_leaves=31
num_cat=0
split_feature=4 0 0 5 4 4 0 0 7 5 2 7 0 5 7 7 4 0 1 5 2 5 2 0 7 0 5 7 1 5
split_gain=736.099 432.707 214.155 187.106 151.256 143.476 105.843 74.2425 78.3753 64.8424 102.979 68.4215 57.937 53.3559 51.0849 48.4672 45.823 37.3039 41.0206 36.0615 34.0417 35.3486 33.3429 32.3736 30.3977 30.0706 29.8963 29.1162 28.8771 28.0752
threshold=0.093117710202932372 2.7558810710906987 1.3047125935554507 2.1798232793807988 0.070319842547178282 0.12133610993623735 7.4285011291503915 1.035481929779053 2.217389822006226 1.6601785421371462 -5.738882064819335 -2.6551606655120845 1.1668657064437868 0.56703704595565807 1.9381116628646853 -0.14617658406496045 0.059718759730458267 1.1668657064437868 -3.1942694187164302 0.76675498485565197 -2.2848643064498897 0.37208466231822973 -3.2497035264968868 0.56892335414886486 0.32346282899379736 4.9151818752288827 1.8931633830070498 1.1792610287666323 -5.0584988594055167 0.79663324356079113
decision_type=2 2 2 2 2 2 2 2 2 2 2 2 2 2 2 2 2 2 2 2 2 2 2 2 2 2 2 2 2 2
left_child=1 3 5 4 16 15 9 8 24 10 19 -11 27 -7 25 -2 -1 18 -15 -3 21 -14 -18 -17 28 -4 -16 -6 -5 -24
right_child=2 6 14 7 12 13 -8 -9 -10 11 -12 -13 20 17 26 23 22 -19 -20 -21 -22 -23 29 -25 -26 -27 -28 -29 -30 -31
leaf_value=0.013709101424123481 0.011451818094615164 0.00080023112688178079 0.0054668182440511135 0.0065848079767585402 0.011853294878894029 0.0011927531739680294 -0.0030161320138689693 0.0079164276662963082 -0.00044939125332781933 0.014126006588190729 0.011127581245078646 0.0048779387884596639 0.0016740124491698991 0.01060893445552513 -0.0067436946338451341 0.010413182730072499 0.010035790196261276 0.012054813918056103 0.0054736331097069556 0.0071913898966438159 0.0107106180309218 0.0086931222089244725 0.013433947583468641 0.0070652290865706258 0.0089231181315500407 -0.00055490067228280125 0.0021516364097078672 0.0055518402452750118 0.012639116564352893 0.011816074682279467
leaf_weight=4166.9700592756271 1281.4777683317661 143.98177203536034 1990.0932095050812 90.504978850483894 2867.9114756137133 192.14093758165836 98.584566369652748 1582.283250361681 57.151102542877197 87.885967776179314 815.29813833534718 947.89528225362301 79.822980597615242 188.43290019035339 49.753703266382217 555.57974244654179 622.93230010569096 127.56837166845798 990.89701879024506 236.31270508468151 1145.5786494016647 952.06514835357666 2152.1148828417063 650.08012801408768 401.39202904701233 84.875309586524963 151.65959852933884 79.666057452559471 1113.4956542849541 2472.2395902872086
leaf_count=10706 3758 661 7462 296 7973 797 488 5281 238 281 2437 3653 300 611 247 1681 1889 402 3597 919 3339 3053 5565 2166 1248 391 669 271 3098 6842
internal_value=0.0102023 0.0111351 0.00720509 0.0116665 0.0121529 0.0086043 0.00707474 0.00948422 0.0109705 0.00752338 0.00911843 0.0056739 0.0107609 0.00614824 0.00475138 0.0100811 0.0129095 0.00687224 0.00630254 0.00478902 0.00950448 0.00815607 0.0122724 0.00861582 0.0113802 0.00521802 -3.22094e-05 0.0116856 0.0121911 0.0125715
internal_weight=26376.6 20114.1 6262.56 17784.1 14539.3 3986.18 2329.96 3244.83 1662.54 2231.37 1195.59 1035.78 5125.04 1499.04 2276.38 2487.14 9414.26 1306.9 1179.33 380.294 2177.47 1031.89 5247.29 1205.66 1605.39 2074.97 201.413 2947.58 1204 4624.35
internal_count=80319 58538 21781 50099 39938 13012 8439 10161 4880 7951 4017 3934 14936 5407 8769 7605 25002 4610 4208 1580 6692 3353 14296 3847 4642 7853 916 8244 3394 12407
is_linear=0
shrinkage=0.01


Tree=36
num_leaves=31
num_cat=0
split_feature=4 0 0 5 4 4 0 0 7 5 2 7 0 5 7 7 4 0 1 5 2 5 2 0 7 5 0 7 1 5
split_gain=714.309 419.768 208.202 181.456 146.513 139.271 103.206 72.0265 76.1521 63.0074 99.9549 66.259 56.1451 51.9527 49.8371 46.9098 44.3146 36.1334 39.7879 35.1148 33.0161 34.3605 32.31 31.3806 29.3956 29.3761 29.337 28.2013 27.9228 27.1654
threshold=0.093117710202932372 2.7558810710906987 1.3047125935554507 2.1798232793807988 0.070319842547178282 0.12133610993623735 7.4285011291503915 1.035481929779053 2.217389822006226 1.6601785421371462 -5.738882064819335 -2.6551606655120845 1.1668657064437868 0.56703704595565807 1.9381116628646853 -0.14617658406496045 0.059718759730458267 1.1668657064437868 -3.1942694187164302 0.76675498485565197 -2.2848643064498897 0.37208466231822973 -3.2497035264968868 0.56892335414886486 0.32346282899379736 1.8931633830070498 4.9151818752288827 1.1792610287666323 -5.0584988594055167 0.79663324356079113
decision_type=2 2 2 2 2 2 2 2 2 2 2 2 2 2 2 2 2 2 2 2 2 2 2 2 2 2 2 2 2 2
left_child=1 3 5 4 16 15 9 8 24 10 19 -11 27 -7 26 -2 -1 18 -15 -3 21 -14 -18 -17 28 -16 -4 -6 -5 -24
right_child=2 6 14 7 12 13 -8 -9 -10 11 -12 -13 20 17 25 23 22 -19 -20 -21 -22 -23 29 -25 -26 -27 -28 -29 -30 -31
leaf_value=0.013502208387413674 0.011283669655106772 0.00079191938172679111 0.0053981439858065338 0.006501707654172623 0.011680384340128665 0.0011801755336619984 -0.0029909575493338504 0.0078100794453717986 -0.00044503009907180584 0.013890211007289391 0.010965648771282213 0.0048178494511315487 0.0016561869147747135 0.010452477096184829 -0.0066999721748572365 0.010264414564056626 0.0098944885612802253 0.011869340102265886 0.0054054025572983153 0.0070941492154420775 0.010558162661716948 0.0085744283691040167 0.013232647701598894 0.0069735157441255394 0.0088014997282826451 0.0021277712131494691 -0.00054954424517354185 0.0054838810360369299 0.012449064105223848 0.011644358029634823
leaf_weight=4188.4105651378632 1287.5451428741217 144.0429784655571 1995.237030506134 90.750281319022179 2881.2027894854546 192.25154404342175 98.425208523869514 1587.7695666402578 57.13902336359024 88.48952828347683 819.05278216302395 950.11547124385834 79.880380257964134 189.3437731564045 49.581729128956795 557.99076849222183 625.5041002035141 128.27042150497437 993.36453729867935 237.1589292883873 1150.4814280867577 955.58101014792919 2162.9575845897198 652.04010881483555 402.86846590042114 151.83174438774586 84.850568816065788 79.852043300867081 1119.1685761809349 2483.5600113719702
leaf_count=10706 3758 661 7462 296 7973 797 488 5281 238 281 2437 3653 300 611 247 1681 1889 402 3597 919 3339 3053 5565 2166 1248 669 391 271 3098 6842
internal_value=0.0100589 0.0109754 0.00711058 0.0114973 0.011975 0.00848709 0.00698204 0.00935217 0.0108126 0.00742328 0.00899216 0.00560194 0.0106077 0.00606989 0.00469323 0.00993843 0.0127178 0.00678242 0.00622171 0.00473001 0.00937286 0.00804661 0.0120924 0.00849882 0.0112146 -3.17913e-05 0.00515305 0.0115159 0.01201 0.0123861
internal_weight=26484.7 20202.4 6282.31 17865.1 14607.4 4000.81 2337.28 3257.7 1669.93 2238.86 1200.25 1038.6 5147 1503.23 2281.5 2497.58 9460.43 1310.98 1182.71 381.202 2185.94 1035.46 5272.02 1210.03 1612.79 201.413 2080.09 2961.05 1209.92 4646.52
internal_count=80319 58538 21781 50099 39938 13012 8439 10161 4880 7951 4017 3934 14936 5407 8769 7605 25002 4610 4208 1580 6692 3353 14296 3847 4642 916 7853 8244 3394 12407
is_linear=0
shrinkage=0.01


end of trees

feature_importances:
time_val=274
vol_burst=198
X1_zscore=153
x1_slope=137
yesterday_range=127
z_final_slope=89
X2_zscore=67
Z_final=65

parameters:
[boosting: gbdt]
[objective: binary]
[metric: auc]
[tree_learner: serial]
[device_type: cpu]
[data_sample_strategy: bagging]
[data: ]
[valid: ]
[num_iterations: 1000]
[learning_rate: 0.01]
[num_leaves: 31]
[num_threads: 0]
[seed: 42]
[deterministic: 0]
[force_col_wise: 0]
[force_row_wise: 0]
[histogram_pool_size: -1]
[max_depth: -1]
[min_data_in_leaf: 150]
[min_sum_hessian_in_leaf: 0.001]
[bagging_fraction: 0.7]
[pos_bagging_fraction: 1]
[neg_bagging_fraction: 1]
[bagging_freq: 5]
[bagging_seed: 400]
[bagging_by_query: 0]
[feature_fraction: 0.8]
[feature_fraction_bynode: 1]
[feature_fraction_seed: 30056]
[extra_trees: 0]
[extra_seed: 12879]
[early_stopping_round: 0]
[early_stopping_min_delta: 0]
[first_metric_only: 0]
[max_delta_step: 0]
[lambda_l1: 0.5]
[lambda_l2: 0.5]
[linear_lambda: 0]
[min_gain_to_split: 0]
[drop_rate: 0.1]
[max_drop: 50]
[skip_drop: 0.5]
[xgboost_dart_mode: 0]
[uniform_drop: 0]
[drop_seed: 17869]
[top_rate: 0.2]
[other_rate: 0.1]
[min_data_per_group: 100]
[max_cat_threshold: 32]
[cat_l2: 10]
[cat_smooth: 10]
[max_cat_to_onehot: 4]
[top_k: 20]
[monotone_constraints: ]
[monotone_constraints_method: basic]
[monotone_penalty: 0]
[feature_contri: ]
[forcedsplits_filename: ]
[refit_decay_rate: 0.9]
[cegb_tradeoff: 1]
[cegb_penalty_split: 0]
[cegb_penalty_feature_lazy: ]
[cegb_penalty_feature_coupled: ]
[path_smooth: 0]
[interaction_constraints: ]
[verbosity: -1]
[saved_feature_importance_type: 0]
[use_quantized_grad: 0]
[num_grad_quant_bins: 4]
[quant_train_renew_leaf: 0]
[stochastic_rounding: 1]
[linear_tree: 0]
[max_bin: 255]
[max_bin_by_feature: ]
[min_data_in_bin: 3]
[bin_construct_sample_cnt: 200000]
[data_random_seed: 175]
[is_enable_sparse: 1]
[enable_bundle: 1]
[use_missing: 1]
[zero_as_missing: 0]
[feature_pre_filter: 1]
[pre_partition: 0]
[two_round: 0]
[header: 0]
[label_column: ]
[weight_column: ]
[group_column: ]
[ignore_column: ]
[categorical_feature: ]
[forcedbins_filename: ]
[precise_float_parser: 0]
[parser_config_file: ]
[objective_seed: 16083]
[num_class: 1]
[is_unbalance: 1]
[scale_pos_weight: 1]
[sigmoid: 1]
[boost_from_average: 1]
[reg_sqrt: 0]
[alpha: 0.9]
[fair_c: 1]
[poisson_max_delta_step: 0.7]
[tweedie_variance_power: 1.5]
[lambdarank_truncation_level: 30]
[lambdarank_norm: 1]
[label_gain: ]
[lambdarank_position_bias_regularization: 0]
[eval_at: ]
[multi_error_top_k: 1]
[auc_mu_weights: ]
[num_machines: 1]
[local_listen_port: 12400]
[time_out: 120]
[machine_list_filename: ]
[machines: ]
[gpu_platform_id: -1]
[gpu_device_id: -1]
[gpu_use_dp: 0]
[num_gpu: 1]

end of parameters

pandas_categorical:[]
